,beta_a_mean,beta_b_mean,difference_mean,fold_change_mean,fold_change_hdi_low,fold_change_hdi_high,p_diff_greater_than_zero,p_diff_less_than_zero,transcript_id,gene_id,ap,apt,ce,cet,a5,a5t,a3,a3t,ae,aet,i,it,promoter_group,ceI,ceE,a5I,a5E,a3I,a3E,iI,iE,log2_fold_change_mean,color
175,9.416110287844932,2.131491548728204,-7.284618739116736,0.0047958796928807,4.616586913077992e-08,0.0268414826137178,0.0,1.0,ENSMUST00000125184-0,ENSMUSG00000090137,0.3786078098471986,7,0,0,0,1,0,0,0.0,1,0,0,3,0,0,0,1,0,0,0,0,-7.703988816206318,blue
62,7.332603726588239,0.3650738575282964,-6.967529869059941,0.0060537695101959,3.0850223246269214e-08,0.0247327496067446,0.0,1.0,ENSMUST00000026222,ENSMUSG00000025204,0.0,3,0,0,0,1,0,4,1.0,2,0,0,0,0,0,0,1,0,4,0,0,-7.367950537284493,blue
245,7.481795416817437,0.3654931840715549,-7.116302232745876,0.0062438722760809,1.7056263298624303e-08,0.0345071320024699,0.0,1.0,ENSMUST00000237893,ENSMUSG00000060803,0.074074074074074,3,2,2,0,1,0,5,0.0,2,0,0,1,2,0,0,1,0,5,0,0,-7.323343258645007,blue
137,7.469184283404619,0.3657540384271192,-7.103430244977502,0.0064870510260336,8.445616451536142e-09,0.0246946249255762,0.0,1.0,ENSMUST00000098910,ENSMUSG00000074457,1.0,5,0,0,0,1,0,0,0.0,1,0,0,4,0,0,0,1,0,0,0,0,-7.268221497808807,blue
58,7.380299704823199,0.3597175676129266,-7.020582137210258,0.006713703636279,1.1897575158788566e-07,0.0328157760709474,0.0,1.0,ENSMUST00000025743,ENSMUSG00000024829,0.0,3,0,0,0,1,0,0,1.0,2,0,1,0,0,0,0,1,0,0,0,1,-7.218675431258947,blue
89,7.547007432426499,0.3621150842708823,-7.184892348155619,0.0069869400133326,5.165332408176788e-09,0.0344648398248145,0.0,1.0,ENSMUST00000041045-0,ENSMUSG00000037894,0.1622464898595944,5,0,0,0,1,0,3,0.0,1,0,0,2,0,0,0,1,0,3,0,0,-7.161123530657943,blue
43,7.496011251457886,0.3606430571865068,-7.13536819427138,0.0072033188814367,1.797360639126381e-09,0.0352576864087413,0.0,1.0,ENSMUST00000020397-0,ENSMUSG00000020180,0.0,1,0,0,0,1,0,0,0.0,1,0,0,0,0,0,0,1,0,0,0,0,-7.117122512750176,blue
88,7.689894314700552,0.3693414630373568,-7.320552851663192,0.0076393902625766,6.480711225571178e-08,0.037516094318878,0.0,1.0,ENSMUST00000040284,ENSMUSG00000036299,0.0,3,0,0,0,1,0,3,1.0,2,0,0,0,0,0,0,1,0,3,0,0,-7.0323267904143165,blue
187,7.513543782873455,0.3543737319584155,-7.1591700509150415,0.0077062242664132,3.1619543005235025e-08,0.0417866492288072,0.0,1.0,ENSMUST00000142407-0,ENSMUSG00000029203,0.0,1,2,2,0,1,0,0,0.0,1,0,0,0,2,0,0,1,0,0,0,0,-7.019760112766082,blue
178,7.133380401961482,0.3615065437468828,-6.771873858214602,0.0081413054090627,3.209920512064667e-08,0.038736012234105,0.0,1.0,ENSMUST00000129339-0,ENSMUSG00000025967,0.0175849941383352,3,1,1,0,1,2,5,1.0,2,0,1,1,1,0,0,1,2,3,0,1,-6.940524144201945,blue
113,7.348974262460416,0.3621439560749987,-6.986830306385421,0.0084198307187776,4.321064255352983e-08,0.048878558636658,0.0,1.0,ENSMUST00000065408,ENSMUSG00000079018,0.3992537313432835,5,1,1,0,1,0,1,1.0,2,0,0,1,1,0,0,1,0,1,0,0,-6.891993056552732,blue
219,7.23333177702253,0.3582328863974349,-6.87509889062511,0.0085362453268626,1.2264499742163893e-08,0.046111612922248,0.0,1.0,ENSMUST00000195014,ENSMUSG00000041355,0.0,3,0,0,0,1,0,3,0.0,1,0,0,0,0,0,0,1,0,3,0,0,-6.8721826456644495,blue
49,7.204492157846059,0.3617509199056982,-6.84274123794036,0.0086236593535092,9.21613312649774e-09,0.0470948120147342,0.0,1.0,ENSMUST00000021933-0,ENSMUSG00000021477,0.0,2,0,0,0,2,0,4,1.0,3,0,0,0,0,0,0,2,0,4,0,0,-6.857484093898814,blue
48,7.204492157846059,0.3617509199056982,-6.84274123794036,0.0086236593535092,9.21613312649774e-09,0.0470948120147342,0.0,1.0,ENSMUST00000021933-0,ENSMUSG00000021477,0.0,2,0,0,0,2,0,4,1.0,3,0,0,0,0,0,0,2,0,4,0,0,-6.857484093898814,blue
57,7.386133126860343,0.3581107346982017,-7.028022392162137,0.0087744258265189,1.6875758595876006e-08,0.0477615049712364,0.0,1.0,ENSMUST00000025713,ENSMUSG00000024799,1.0,2,1,1,0,1,0,7,0.0,1,0,0,1,1,0,0,1,0,7,0,0,-6.832479562018207,blue
116,7.238475360695832,0.3581320539676811,-6.880343306728143,0.0087951113270542,4.9645820161396856e-08,0.0390156481477211,0.0,1.0,ENSMUST00000071718-0,ENSMUSG00000026701,0.3692307692307692,4,1,1,0,1,0,0,0.0,1,0,0,2,1,0,0,1,0,0,0,0,-6.829082445455754,blue
159,7.141623505201356,0.3573206283049358,-6.784302876896424,0.0088364853373919,1.0193368175010537e-08,0.0461230742031498,0.0,1.0,ENSMUST00000109207-0,ENSMUSG00000078923,0.0,3,0,1,0,1,0,0,0.0,1,0,0,0,0,1,0,1,0,0,0,0,-6.82231162483951,blue
76,7.326020879082879,0.3705649778732399,-6.955455901209652,0.0091331890917271,9.359456212880569e-08,0.047260645683817,0.0,1.0,ENSMUST00000030896,ENSMUSG00000029030,0.0,2,1,1,0,1,0,0,0.0,1,0,1,0,1,0,0,1,0,0,0,1,-6.77466558179474,blue
105,7.255598250857495,0.3620791321612585,-6.893519118696243,0.0092666470907639,6.890895664436108e-08,0.0434594749918221,0.0,1.0,ENSMUST00000054963-0,ENSMUSG00000021273,0.1191623176769704,3,2,2,0,1,0,0,0.0,1,0,1,1,2,0,0,1,0,0,0,1,-6.7537368552544015,blue
36,7.160261856083974,0.3582527184830998,-6.802009137600868,0.0093371182134051,9.004952373479099e-09,0.0366392860074246,0.0,1.0,ENSMUST00000006900,ENSMUSG00000006717,1.0,2,0,0,0,1,0,0,0.0,1,0,0,1,0,0,0,1,0,0,0,0,-6.742806936092248,blue
87,7.227845693757104,0.3614553099980814,-6.8663903837590246,0.0095030663476794,1.390214943181621e-07,0.0516394616221773,0.0,1.0,ENSMUST00000039161,ENSMUSG00000035443,0.0016943409013893,3,0,0,0,1,1,8,0.0,1,0,3,1,0,0,0,1,1,7,0,3,-6.7173911827131345,blue
217,7.214224248591138,0.3625481532763164,-6.85167609531481,0.009505028929435,2.6103719914897624e-08,0.0465142807753736,0.0,1.0,ENSMUST00000179554,ENSMUSG00000095677,0.0,1,0,0,0,1,0,0,0.0,2,0,2,0,0,0,0,1,0,0,0,2,-6.717093266805735,blue
171,7.2037507943202765,0.3541412931770781,-6.849609501143192,0.0095662854532988,4.986206006870858e-10,0.0432322058605282,0.0,1.0,ENSMUST00000119379,ENSMUSG00000002416,0.0,2,0,0,1,2,0,4,1.0,2,0,0,0,0,0,1,1,0,4,0,0,-6.707825443378195,blue
180,7.443505614369096,0.3658160815622155,-7.0776895328068825,0.0100146453101709,4.3276373324985346e-08,0.0562345561746472,0.0,1.0,ENSMUST00000131475-0,ENSMUSG00000002797,0.0,2,0,0,0,1,0,0,0.0,1,0,0,0,0,0,0,1,0,0,0,0,-6.641744863813223,blue
236,7.118763690300557,0.3608345643408301,-6.757929125959724,0.0101717273442984,7.788339283554373e-09,0.0462219893524782,0.0,1.0,ENSMUST00000213053,ENSMUSG00000045128,1.0,3,0,0,0,1,0,5,0.0,2,0,1,2,0,0,0,1,0,5,0,1,-6.61929149391804,blue
44,7.143062706026471,0.3599592013379466,-6.783103504688512,0.0107549197819312,1.1837522740069729e-07,0.0460291964008805,0.0,1.0,ENSMUST00000020440-0,ENSMUSG00000020219,1.0,2,0,0,0,1,0,3,0.4413145539906103,3,0,0,1,0,0,0,1,0,3,0,0,-6.538859425649887,blue
46,7.268618838366035,0.3695333005014807,-6.899085537864559,0.0108237048519658,6.498900367885991e-08,0.0629237460636141,0.0,1.0,ENSMUST00000021880-0,ENSMUSG00000044258,0.014477766287487,3,0,1,0,2,0,4,1.0,2,0,0,1,0,1,0,2,0,4,0,0,-6.529661785186036,blue
47,7.268618838366035,0.3695333005014807,-6.899085537864559,0.0108237048519658,6.498900367885991e-08,0.0629237460636141,0.0,1.0,ENSMUST00000021880-0,ENSMUSG00000044258,0.014477766287487,3,0,1,0,2,0,4,1.0,2,0,0,1,0,1,0,2,0,4,0,0,-6.529661785186036,blue
70,7.004270356484401,0.3560425891683196,-6.648227767316081,0.0112060931638228,3.0515811891315844e-07,0.0671911639460007,0.0,1.0,ENSMUST00000028972,ENSMUSG00000027472,0.0,1,0,0,0,1,0,0,0.0,1,0,0,0,0,0,0,1,0,0,0,0,-6.4795727979456315,blue
141,7.222630275914772,0.3582401250023346,-6.86439015091245,0.0112439144858646,3.480084726123518e-08,0.0613353207004939,0.0,1.0,ENSMUST00000102845-0,ENSMUSG00000020460,0.1515994436717663,6,0,0,0,1,0,0,1.0,2,0,1,1,0,0,0,1,0,0,0,1,-6.4747118031323945,blue
117,7.080217167717796,0.3565248578791585,-6.7236923098386345,0.011250538652653,2.7574946720672142e-08,0.0655414930056259,0.0,1.0,ENSMUST00000072735-0,ENSMUSG00000057411,0.6237864077669902,4,1,1,0,1,0,0,0.0,1,0,1,1,1,0,0,1,0,0,0,1,-6.473862113407284,blue
136,7.2364355041264865,0.3584563318419869,-6.877979172284501,0.0122381213210431,1.0167097932750459e-07,0.0733411103109765,0.0,1.0,ENSMUST00000097420-0,ENSMUSG00000095687,0.0,1,2,2,0,1,0,0,0.0,2,0,0,0,2,0,0,1,0,0,0,0,-6.3524740834466265,blue
202,6.543342868088689,0.4939407996789345,-6.049402068409754,0.0125610772508552,2.028001004063669e-07,0.0588346048598931,0.0,1.0,ENSMUST00000159283-0,ENSMUSG00000032575,0.0,2,1,1,0,1,0,6,0.0613449815197043,3,0,0,0,1,0,0,1,0,6,0,0,-6.314895993234502,blue
243,7.096429886601788,0.3570913366651796,-6.739338549936607,0.0127109299775341,1.5818906491457937e-08,0.0582335995619654,0.0,1.0,ENSMUST00000230271-0,ENSMUSG00000033020,0.0,1,1,2,0,1,0,0,1.0,2,0,0,0,1,1,0,1,0,0,0,0,-6.2977866027918425,blue
83,6.8274927971644,0.355657833592328,-6.471834963572071,0.0167122075193187,2.116628324772265e-08,0.0831267283058263,0.0,1.0,ENSMUST00000033008,ENSMUSG00000030751,0.0,3,1,1,0,1,0,0,0.0,1,0,0,0,1,0,0,1,0,0,0,0,-5.902953877870207,blue
34,6.829341764107238,0.3557563305845542,-6.473585433522689,0.0168341911726864,1.048263917839926e-09,0.1017872072532359,0.0,1.0,ENSMUST00000004375,ENSMUSG00000004264,0.0,2,1,1,0,1,0,0,1.0,2,0,2,0,1,0,0,1,0,0,0,2,-5.892461783678156,blue
52,6.59942293672145,0.6081779581854989,-5.9912449785359465,0.0175887416565861,5.4689398489251705e-08,0.0885457183312661,0.0,1.0,ENSMUST00000023608,ENSMUSG00000022890,0.0,7,0,1,0,1,0,0,0.0,1,0,0,0,0,1,0,1,0,0,0,0,-5.8292039173537535,blue
213,8.319701660559058,3.354449932640813,-4.965251727918251,0.0270250497592048,2.8057752845775e-06,0.1150632756221862,0.0,1.0,ENSMUST00000173844-0,ENSMUSG00000067288,0.0675675675675675,5,0,0,0,1,0,0,0.0,2,0,0,1,0,0,0,1,0,0,0,0,-5.209558915485774,blue
153,5.193368542380614,0.8386900892930743,-4.354678453087539,0.0331213476776255,0.0001056481025533,0.1377614214034359,0.0,1.0,ENSMUST00000108430-0,ENSMUSG00000040952,0.0640878919661249,6,2,3,1,3,0,0,1.0,2,0,1,2,2,1,1,2,0,0,0,1,-4.916094813789212,blue
152,5.193368542380614,0.8386900892930743,-4.354678453087539,0.0331213476776255,0.0001056481025533,0.1377614214034359,0.0,1.0,ENSMUST00000108430-0,ENSMUSG00000040952,0.0640878919661249,6,2,3,1,3,0,0,1.0,2,0,1,2,2,1,1,2,0,0,0,1,-4.916094813789212,blue
19,4.48706312021572,0.6200150855216783,-3.867048034694041,0.0450117194720871,2.335129869267932e-05,0.1528888644189297,0.0,1.0,80578a04-7d0d-4358-b6bc-ac2a4a727401-0,ENSMUSG00000047215,0.1790513833992094,6,0,0,0,1,0,0,0.0,1,0,2,3,0,0,0,1,0,0,0,2,-4.47355551226586,blue
239,5.27405492307809,1.338041967680665,-3.936012955397424,0.0496889521474588,0.0002028261951469,0.2066937034383221,0.0,1.0,ENSMUST00000223999,ENSMUSG00000025290,0.2808988764044944,6,4,4,1,2,0,7,0.0,2,0,3,2,4,0,1,1,0,7,0,3,-4.3309310714649785,blue
109,4.238269769409997,0.6103869805778418,-3.627882788832156,0.0512606342156441,0.0002777814719458,0.1741185286536702,0.0,1.0,ENSMUST00000059802,ENSMUSG00000048758,0.8415841584158416,3,0,0,1,2,1,4,1.0,2,0,0,1,0,0,1,1,1,3,0,0,-4.286004861474842,blue
39,7.956385481654463,4.0547191781294485,-3.901666303525016,0.0591137205262206,9.04878679571628e-05,0.2705535502292896,0.0,1.0,ENSMUST00000018914,ENSMUSG00000018770,0.0,4,0,0,0,1,0,5,0.0,1,0,0,0,0,0,0,1,0,5,0,0,-4.080363165331908,blue
67,4.130340652070451,0.4814480283588936,-3.648892623711559,0.0594216639733708,6.031642095731838e-05,0.2078849192295078,0.0,1.0,ENSMUST00000027401-0,ENSMUSG00000026201,0.0108352144469525,5,0,1,1,2,1,3,0.0,1,0,1,1,0,1,1,1,1,2,0,1,-4.072867184525362,blue
13,6.9974544704461605,3.423632484611594,-3.57382198583457,0.085890969254373,7.141738826459872e-05,0.3283027316651621,0.0075,0.9925,63e15ae2-83e0-410e-a9d3-c9ad372b92c4-0,ENSMUSG00000031818,0.0174442190669371,4,0,1,0,1,1,3,0.0,1,0,0,1,0,1,0,1,1,2,0,0,-3.541349738234438,blue
157,4.3349516794063385,1.2704942784494409,-3.0644574009568943,0.0889893300490843,0.0008897499117109,0.2976069995474142,0.0025,0.9975,ENSMUST00000108858,ENSMUSG00000018593,1.0,3,1,2,0,2,0,10,1.0,3,0,0,2,1,1,0,2,0,10,0,0,-3.490223824573065,blue
156,4.3349516794063385,1.2704942784494409,-3.0644574009568943,0.0889893300490843,0.0008897499117109,0.2976069995474142,0.0025,0.9975,ENSMUST00000108858,ENSMUSG00000018593,1.0,3,1,2,0,2,0,10,1.0,3,0,0,2,1,1,0,2,0,10,0,0,-3.490223824573065,blue
20,3.000681840136909,0.5878586802079272,-2.4128231599289824,0.1370853472468381,0.0033596769123505,0.3706798779177481,0.0,1.0,88e55dd8-82d9-40f6-a4d3-eb786d2736d8-0,ENSMUSG00000034387,0.8924330415185924,3,1,2,0,1,0,0,1.0,3,0,1,1,1,1,0,1,0,0,0,1,-2.866853722049267,blue
196,2.9113611086371987,0.597762804211766,-2.313598304425435,0.1514441981857458,0.0013694885097606,0.3923855594657976,0.0,1.0,ENSMUST00000150290-0,ENSMUSG00000050335,0.0,1,0,1,0,1,1,5,0.0,1,0,0,0,0,1,0,1,1,4,0,0,-2.7231417852188007,blue
233,3.806666762315633,1.3638951667373578,-2.4427715955782703,0.1521661472069532,0.0030431532515039,0.47878399217501,0.01,0.99,ENSMUST00000211725,ENSMUSG00000003429,1.0,4,0,0,0,1,0,1,0.0,2,0,0,3,0,0,0,1,0,1,0,0,-2.7162806604147827,blue
82,2.5032154974314333,0.7828228908589776,-1.7203926065724542,0.2311364655689048,0.0101126740085628,0.5503776696032826,0.0025,0.9975,ENSMUST00000032998-0,ENSMUSG00000030744,1.0,2,0,0,0,1,0,0,0.0,1,0,0,1,0,0,0,1,0,0,0,0,-2.113183208317381,blue
223,5.414061705220697,3.690642728992058,-1.723418976228635,0.3252250959616192,0.0028996740936842,1.1821627625542972,0.055,0.945,ENSMUST00000204653-0,ENSMUSG00000030057,0.0143126177024482,5,0,0,0,2,0,2,0.0,1,0,1,2,0,0,0,2,0,2,0,1,-1.6204895077621546,grey
222,5.414061705220697,3.690642728992058,-1.723418976228635,0.3252250959616192,0.0028996740936842,1.1821627625542972,0.055,0.945,ENSMUST00000204653-0,ENSMUSG00000030057,0.0143126177024482,5,0,0,0,2,0,2,0.0,1,0,1,2,0,0,0,2,0,2,0,1,-1.6204895077621546,grey
90,0.9743389141454064,0.3024510329530597,-0.6718878811923465,0.532810356929873,0.248818098726145,0.8269431474836478,0.0025,0.9975,ENSMUST00000042468-0,ENSMUSG00000037971,1.0,3,1,1,0,1,0,0,0.0,2,0,0,2,1,0,0,1,0,0,0,0,-0.908305968660351,blue
64,0.975745150758998,0.3059897013895984,-0.669755449369398,0.5369290107144363,0.2724267638010489,0.8907743283822875,0.0025,0.9975,ENSMUST00000027123,ENSMUSG00000025980,0.5793650793650794,3,0,0,0,1,0,0,0.0,1,0,0,1,0,0,0,1,0,0,0,0,-0.8971967378877067,blue
158,0.9675681002218954,0.3035271415365544,-0.6640409586853409,0.5409929564720838,0.2413746731813542,0.8133483650485214,0.0,1.0,ENSMUST00000109084,ENSMUSG00000027523,0.1379575879635114,5,1,2,0,1,0,0,1.0,2,0,1,3,1,1,0,1,0,0,0,1,-0.8863182840680728,blue
226,0.9645501976959184,0.3065688919632195,-0.6579813057326992,0.5425137515123026,0.2739867244721556,0.8255218225354891,0.0,1.0,ENSMUST00000207263,ENSMUSG00000006315,0.03125,6,2,3,0,1,0,7,0.0,2,0,4,2,2,1,0,1,0,7,0,4,-0.8822683877686576,blue
71,0.968054589661062,0.3016962858428302,-0.6663583038182318,0.5457307534805274,0.215154028521066,0.8738419921850957,0.0075,0.9925,ENSMUST00000029698-0,ENSMUSG00000028062,0.793939393939394,3,1,1,0,1,0,0,0.0,1,0,0,1,1,0,0,1,0,0,0,0,-0.8737387489160502,blue
80,0.9533846983850432,0.30662746534563,-0.6467572330394142,0.5466671212735613,0.2756008570878431,0.8508143542623874,0.005,0.995,ENSMUST00000032111,ENSMUSG00000030035,0.0,3,1,1,0,1,0,0,0.0,1,0,0,0,1,0,0,1,0,0,0,0,-0.8712654861360172,blue
145,0.9537038507302796,0.3039428589497765,-0.6497609917805035,0.5484188079117905,0.2376399121933062,0.8436027037701765,0.005,0.995,ENSMUST00000106033-0,ENSMUSG00000038650,0.8016926331986921,3,0,0,0,1,0,0,0.0,1,0,0,1,0,0,0,1,0,0,0,0,-0.8666500459879743,blue
121,0.9602886363630158,0.3063987581173151,-0.6538898782457007,0.5496357543084344,0.1892712415693738,0.8601059402461934,0.015,0.985,ENSMUST00000075092,ENSMUSG00000059734,1.0,3,0,0,0,1,0,0,1.0,2,0,0,2,0,0,0,1,0,0,0,0,-0.8634522390470591,blue
207,0.958120828048374,0.3005404571932872,-0.6575803708550859,0.5504982306095104,0.1852807681027561,0.8474179965498999,0.005,0.995,ENSMUST00000165838-0,ENSMUSG00000002274,0.0,4,0,0,0,1,0,0,1.0,2,0,0,0,0,0,0,1,0,0,0,0,-0.8611901681458327,blue
63,0.9561898173320617,0.3037424752812303,-0.6524473420508308,0.5505577586796648,0.2812419093269697,0.925941499159753,0.0075,0.9925,ENSMUST00000027050-0,ENSMUSG00000025917,0.0314572089437162,4,3,3,0,1,0,0,0.0,1,0,0,2,3,0,0,1,0,0,0,0,-0.8610341708985999,blue
126,0.9375901526621548,0.2924234933091074,-0.6451666593530483,0.5508132903965987,0.245690219516534,0.8520887240982493,0.0,1.0,ENSMUST00000079724,ENSMUSG00000027944,0.0,4,1,1,0,1,0,6,1.0,2,0,1,0,1,0,0,1,0,6,0,1,-0.8603647246702206,blue
164,0.9604363921901864,0.3056684090901611,-0.6547679831000253,0.5508175016691692,0.2333141789786347,0.8760332236338549,0.005,0.995,ENSMUST00000112172-0,ENSMUSG00000049775,0.1941520467836257,3,0,0,0,1,0,0,0.0,1,0,0,1,0,0,0,1,0,0,0,0,-0.8603536945100305,blue
42,0.9574789845173,0.3112144184825597,-0.6462645660347396,0.5524349533289156,0.2331854802971434,0.90432998638133,0.0125,0.9875,ENSMUST00000019965,ENSMUSG00000019822,0.0,3,0,0,0,1,0,0,1.0,2,0,4,0,0,0,0,1,0,0,0,4,-0.8561234910789396,blue
131,0.9570022447844728,0.3047365135469245,-0.6522657312375482,0.5527657644486776,0.2539222486448301,0.9325610866497064,0.0075,0.9925,ENSMUST00000086294,ENSMUSG00000004455,0.0053964300539643,4,1,1,1,2,0,0,1.0,3,0,1,1,1,0,1,1,0,0,0,1,-0.8552598297212731,blue
50,0.9607690872747828,0.3106425803231165,-0.6501265069516665,0.5528879390433654,0.1955929481890791,0.8869691239710848,0.0175,0.9825,ENSMUST00000023043-0,ENSMUSG00000022407,0.0,1,1,1,0,1,0,0,0.0,1,0,0,0,1,0,0,1,0,0,0,0,-0.8549409944801133,blue
214,0.9426797941376904,0.3043238362618879,-0.6383559578758016,0.5539297716500028,0.2428005458814625,0.8612107530577169,0.0025,0.9975,ENSMUST00000174576-0,ENSMUSG00000096727,0.0,1,0,0,0,1,0,0,0.0,2,0,0,0,0,0,0,1,0,0,0,0,-0.8522250148487416,blue
61,0.94483961901646,0.304247358956846,-0.6405922600596139,0.5556023104004757,0.2430604948195991,0.8861060990125702,0.0025,0.9975,ENSMUST00000026125-0,ENSMUSG00000025134,0.0,2,0,0,0,1,0,0,0.0,1,0,0,0,0,0,0,1,0,0,0,0,-0.8478754962945176,blue
128,0.934425838750251,0.300739690043699,-0.6336861487065515,0.5562459286084193,0.2646906855070948,0.860129277166936,0.005,0.995,ENSMUST00000081104-0,ENSMUSG00000062580,0.0,1,0,0,0,1,0,0,0.0,1,0,0,0,0,0,0,1,0,0,0,0,-0.8462052235577093,blue
115,0.9382695746419404,0.3039801491645578,-0.6342894254773821,0.5564165381698666,0.2722343296456221,0.9025157291732232,0.0075,0.9925,ENSMUST00000069423,ENSMUSG00000027239,0.8489326765188834,4,0,0,0,1,0,0,0.0,1,0,0,2,0,0,0,1,0,0,0,0,-0.8457627936609411,blue
81,0.9430980296250396,0.3077998874172774,-0.6352981422077622,0.5589527359459552,0.2365880690166887,0.8851952472661426,0.005,0.995,ENSMUST00000032809,ENSMUSG00000030588,0.1212121212121212,4,0,0,1,2,0,0,0.0,1,0,1,1,0,0,1,1,0,0,0,1,-0.8392017984006744,blue
108,0.953095039124355,0.3076021111017952,-0.6454929280225601,0.5594109725525215,0.1881189460455524,0.9277170485342372,0.0125,0.9875,ENSMUST00000059099,ENSMUSG00000015668,1.0,3,0,0,0,1,0,0,0.0,2,0,2,2,0,0,0,1,0,0,0,2,-0.8380195430899566,blue
211,2.131247787812774,1.4137207151461697,-0.7175270726666026,0.561130242124605,0.0869951129950544,1.1450314607508525,0.075,0.925,ENSMUST00000169609-0,ENSMUSG00000032018,0.0,2,1,1,0,1,0,0,1.0,2,0,0,0,1,0,0,1,0,0,0,0,-0.8335924259085467,grey
176,1.013422708739791,0.4375002806814687,-0.5759224280583218,0.5954593048143837,0.2566590366207915,1.001946381901929,0.0275,0.9725,ENSMUST00000126435-0,ENSMUSG00000004996,0.0,2,1,1,0,2,0,0,0.0,3,0,0,0,1,0,0,2,0,0,0,0,-0.7479251808343305,grey
177,1.013422708739791,0.4375002806814687,-0.5759224280583218,0.5954593048143837,0.2566590366207915,1.001946381901929,0.0275,0.9725,ENSMUST00000126435-0,ENSMUSG00000004996,0.0,2,1,1,0,2,0,0,0.0,3,0,0,0,1,0,0,2,0,0,0,0,-0.7479251808343305,grey
227,0.9103356184230184,0.4531319604381296,-0.4572036579848882,0.6639782456161382,0.3212597617449395,1.093730346578732,0.055,0.945,ENSMUST00000207370-0,ENSMUSG00000109324,1.0,2,0,2,0,1,0,8,0.0,1,0,0,1,0,2,0,1,0,8,0,0,-0.5907921205679527,grey
232,0.9575700230289398,0.6318814193032971,-0.3256886037256428,0.7615932421567561,0.2387626098340268,1.1783720289235204,0.14,0.86,ENSMUST00000211352,ENSMUSG00000019539,0.0,2,0,0,0,1,0,0,0.0,1,0,0,0,0,0,0,1,0,0,0,0,-0.3929074176466925,grey
45,0.8962458300269595,0.6347939145465804,-0.2614519154803794,0.8056233174797148,0.4185396210476956,1.221577683589533,0.2175,0.7825,ENSMUST00000021181,ENSMUSG00000020831,0.0,5,1,2,0,1,0,6,1.0,2,0,0,0,1,1,0,1,0,6,0,0,-0.3118226544355176,grey
122,0.5594111287080638,0.3320192661467409,-0.2273918625613232,0.8118059211478774,0.4822195784640736,1.0948534982122258,0.11,0.89,ENSMUST00000075829,ENSMUSG00000062981,0.0091743119266055,3,1,1,0,1,0,0,1.0,2,0,0,1,1,0,0,1,0,0,0,0,-0.30079323208811265,grey
110,0.5585605669815834,0.3347710053835749,-0.2237895615980084,0.8141698296404446,0.5120562809941084,1.0824414509126976,0.115,0.885,ENSMUST00000060652-0,ENSMUSG00000022338,0.0100861910874747,5,0,1,0,1,0,2,0.0,1,0,0,3,0,1,0,1,0,2,0,0,-0.29659833378106365,grey
221,0.5606753388070234,0.3358769862948966,-0.2247983525121266,0.8148690140154939,0.5258491820680061,1.1566952978781049,0.135,0.865,ENSMUST00000202781,ENSMUSG00000029376,0.0,3,0,0,0,1,0,0,0.0,2,0,0,0,0,0,0,1,0,0,0,0,-0.295359922681883,grey
123,0.5564093834956015,0.3331253029836149,-0.2232840805119868,0.8164227792642005,0.4794997516419372,1.0861787384830146,0.13,0.87,ENSMUST00000078124-0,ENSMUSG00000062929,0.0,3,0,0,0,3,0,0,0.0,1,0,1,0,0,0,0,3,0,0,0,1,-0.2926116588751022,grey
124,0.5564093834956015,0.3331253029836149,-0.2232840805119868,0.8164227792642005,0.4794997516419372,1.0861787384830146,0.13,0.87,ENSMUST00000078124-0,ENSMUSG00000062929,0.0,3,0,0,0,3,0,0,0.0,1,0,1,0,0,0,0,3,0,0,0,1,-0.2926116588751022,grey
125,0.5564093834956015,0.3331253029836149,-0.2232840805119868,0.8164227792642005,0.4794997516419372,1.0861787384830146,0.13,0.87,ENSMUST00000078124-0,ENSMUSG00000062929,0.0,3,0,0,0,3,0,0,0.0,1,0,1,0,0,0,0,3,0,0,0,1,-0.2926116588751022,grey
142,0.5567758171306451,0.3371158713063784,-0.2196599458242664,0.817539395461086,0.5344066846657414,1.1339192241348377,0.1225,0.8775,ENSMUST00000103094,ENSMUSG00000017307,0.0,2,1,1,0,1,0,6,0.0,2,0,1,0,1,0,0,1,0,6,0,1,-0.2906398422375878,grey
212,0.5565525492138601,0.3392779751789019,-0.2172745740349586,0.8187727967261464,0.4903882422651042,1.0615684023699394,0.1075,0.8925,ENSMUST00000172501,ENSMUSG00000092203,0.0024449877750611,6,0,0,0,1,0,0,1.0,2,0,0,1,0,0,0,1,0,0,0,0,-0.28846492447552713,grey
120,0.5443657699700338,0.3321906845205741,-0.2121750854494595,0.81929238008717,0.5862298577343036,1.0871384479389865,0.09,0.91,ENSMUST00000073521-0,ENSMUSG00000031767,1.0,2,0,1,1,2,0,4,1.0,2,0,0,1,0,1,1,1,0,4,0,0,-0.2875496979338399,grey
218,0.5508022316156493,0.3307389471064659,-0.2200632845091831,0.8193040997567106,0.5299652503699847,1.15208764450137,0.14,0.86,ENSMUST00000181573,ENSMUSG00000097333,0.0,2,0,0,0,1,0,0,0.0,2,0,0,0,0,0,0,1,0,0,0,0,-0.28752906087116414,grey
33,0.5631637570817439,0.3398343914830568,-0.2233293655986865,0.8200686320396054,0.4820095490079356,1.1976001131354443,0.1475,0.8525,ENSMUST00000004200-0,ENSMUSG00000004096,0.0041724617524339,3,0,0,0,1,0,0,0.0,1,0,0,1,0,0,0,1,0,0,0,0,-0.2861834400837723,grey
66,0.5500175550257063,0.335572328132921,-0.2144452268927851,0.8201353432975658,0.5540371591479969,1.118047357496929,0.11,0.89,ENSMUST00000027285,ENSMUSG00000026111,0.492063492063492,3,0,0,0,1,0,0,1.0,2,0,0,1,0,0,0,1,0,0,0,0,-0.2860660839469368,grey
74,0.5483426818658532,0.3328888127102749,-0.2154538691555777,0.8201551313546596,0.5211874692489373,1.1053113088201372,0.1075,0.8925,ENSMUST00000030661,ENSMUSG00000028848,0.0,1,0,0,0,1,0,0,0.0,1,0,0,0,0,0,0,1,0,0,0,0,-0.2860312753172696,grey
93,0.5530650467691118,0.3371637261257026,-0.2159013206434089,0.8207485970533932,0.5086800933967877,1.116143442901642,0.1325,0.8675,ENSMUST00000043864-0,ENSMUSG00000039128,0.0,3,6,7,0,1,0,0,1.0,3,0,0,0,6,1,0,1,0,0,0,0,-0.28498771615775353,grey
54,0.5473661814102205,0.3364777525540469,-0.2108884288561732,0.8212639918865401,0.5331794635809338,1.0630260206580333,0.09,0.91,ENSMUST00000025186,ENSMUSG00000024327,1.0,4,0,0,0,1,0,0,1.0,2,0,0,3,0,0,0,1,0,0,0,0,-0.2840820500266803,grey
149,0.5506098922185363,0.3349081245818652,-0.2157017676366705,0.8215554482644093,0.5174466862002356,1.1280800067460708,0.12,0.88,ENSMUST00000107807-0,ENSMUSG00000078713,1.0,2,0,1,0,1,0,0,1.0,3,0,0,1,0,1,0,1,0,0,0,0,-0.2835701463261004,grey
181,0.5462649237982435,0.3311204025117977,-0.2151445212864454,0.8219491567487676,0.5341343800885867,1.1665108165182478,0.125,0.875,ENSMUST00000134159-0,ENSMUSG00000028772,0.0,1,2,2,0,1,0,0,0.9619565217391304,3,0,0,0,2,0,0,1,0,0,0,0,-0.2828789389062098,grey
65,0.5484734847899486,0.3337417101659591,-0.2147317746239898,0.8223134861944064,0.5010764361339403,1.111445992653443,0.125,0.875,ENSMUST00000027264,ENSMUSG00000026095,0.0,2,0,0,0,1,0,0,1.0,2,0,0,0,0,0,0,1,0,0,0,0,-0.28223960516554414,grey
169,0.5500765802193776,0.336901595003949,-0.2131749852154278,0.8223536875227373,0.5147157836664834,1.0919011754701695,0.145,0.855,ENSMUST00000117299-0,ENSMUSG00000076437,1.0,5,0,0,0,1,0,0,0.0,1,0,0,4,0,0,0,1,0,0,0,0,-0.282169076297505,grey
254,0.544566463472971,0.3306229072514937,-0.2139435562214771,0.8230217954440497,0.5120826916392431,1.1294428324459254,0.1275,0.8725,d25ac228-573f-408e-9a31-fd0293c419ac-0,ENSMUSG00000042210,0.0,4,0,1,0,1,0,2,0.0,2,0,0,0,0,1,0,1,0,2,0,0,-0.280997457967454,grey
92,0.5494331942643271,0.3369961463107428,-0.2124370479535838,0.824095031463733,0.5295479096499989,1.1079883656728946,0.1275,0.8725,ENSMUST00000043552-0,ENSMUSG00000060147,1.0,6,4,5,0,2,0,0,0.0,1,0,0,5,4,1,0,2,0,0,0,0,-0.27911738185247514,grey
91,0.5494331942643271,0.3369961463107428,-0.2124370479535838,0.824095031463733,0.5295479096499989,1.1079883656728946,0.1275,0.8725,ENSMUST00000043552-0,ENSMUSG00000060147,1.0,6,4,5,0,2,0,0,0.0,1,0,0,5,4,1,0,2,0,0,0,0,-0.27911738185247514,grey
84,0.5428278438175762,0.3359637762845805,-0.2068640675329959,0.8255483687567866,0.5588191157000414,1.1103790962269673,0.1125,0.8875,ENSMUST00000034000-0,ENSMUSG00000031591,0.0,1,1,1,0,1,0,0,0.0,1,0,1,0,1,0,0,1,0,0,0,1,-0.27657534998351085,grey
193,0.5475694251681955,0.3386348248327355,-0.2089346003354597,0.8270088120439135,0.5317474440583777,1.1516592629572673,0.1525,0.8475,ENSMUST00000146054-0,ENSMUSG00000078350,0.3445692883895131,5,0,1,0,2,0,2,0.0,1,0,1,1,0,1,0,2,0,2,0,1,-0.2740253930309298,grey
192,0.5475694251681955,0.3386348248327355,-0.2089346003354597,0.8270088120439135,0.5317474440583777,1.1516592629572673,0.1525,0.8475,ENSMUST00000146054-0,ENSMUSG00000078350,0.3445692883895131,5,0,1,0,2,0,2,0.0,1,0,1,1,0,1,0,2,0,2,0,1,-0.2740253930309298,grey
172,0.5425187485669283,0.3343821300545738,-0.2081366185123543,0.8271202942339825,0.5690617811240196,1.1442822143652331,0.125,0.875,ENSMUST00000120094,ENSMUSG00000047215,0.025296442687747,6,0,0,0,1,0,7,1.0,2,0,3,1,0,0,0,1,0,7,0,3,-0.27383092840009415,grey
99,0.5451458105536324,0.338105593700123,-0.2070402168535093,0.82785331990859,0.5408408422571336,1.1329082839535594,0.1225,0.8775,ENSMUST00000047275-0,ENSMUSG00000040605,0.0,1,1,2,0,1,0,0,0.0,2,0,0,0,1,1,0,1,0,0,0,0,-0.2725529230401062,grey
98,0.540668931347103,0.3406052032615775,-0.2000637280855252,0.8320541931773058,0.5582280992128952,1.134940018230608,0.125,0.875,ENSMUST00000046831-0,ENSMUSG00000040883,0.1611842105263158,5,1,1,0,1,0,0,0.0,1,0,0,2,1,0,0,1,0,0,0,0,-0.26525059815326113,grey
130,0.5359159399619277,0.3360776279267396,-0.199838312035188,0.8346182186319956,0.509275630258944,1.137295520543592,0.1275,0.8725,ENSMUST00000085375,ENSMUSG00000003423,0.0065320665083135,4,2,2,0,1,0,0,0.0,1,0,0,1,2,0,0,1,0,0,0,0,-0.2608116817828697,grey
35,0.538034603757555,0.3422645858957573,-0.195770017861798,0.8361394165349025,0.5400832307528188,1.1038185645611138,0.145,0.855,ENSMUST00000006254-0,ENSMUSG00000006095,0.098829399347534,3,0,0,0,1,0,0,0.0,1,0,0,1,0,0,0,1,0,0,0,0,-0.25818457988493393,grey
55,0.5623640158156307,0.4173077370935709,-0.1450562787220604,0.8802957239050726,0.5886482338638253,1.2024419628763654,0.205,0.795,ENSMUST00000025204-0,ENSMUSG00000024346,0.0,1,1,1,0,1,0,0,1.0,2,0,0,0,1,0,0,1,0,0,0,0,-0.18393983506775413,grey
56,0.4100888703940583,0.3996838737333126,-0.0104049966607453,1.0026336699626204,0.7147005164309672,1.3326208459733242,0.44,0.56,ENSMUST00000025209,ENSMUSG00000024352,0.0,3,0,0,0,1,0,0,1.0,2,0,0,0,0,0,0,1,0,0,0,0,0.0037945879387303997,grey
0,0.4090100785782345,0.3981153946103895,-0.0108946839678456,1.0027735206325012,0.6907138830412455,1.3623246044180255,0.48,0.52,000d852d-0eb3-446f-8d62-9e24add63e02-0,ENSMUSG00000055850,0.1262135922330097,4,1,2,0,3,0,2,0.0,1,0,1,1,1,1,0,3,0,2,0,1,0.003995805795308771,grey
1,0.4090100785782345,0.3981153946103895,-0.0108946839678456,1.0027735206325012,0.6907138830412455,1.3623246044180255,0.48,0.52,000d852d-0eb3-446f-8d62-9e24add63e02-0,ENSMUSG00000055850,0.1262135922330097,4,1,2,0,3,0,2,0.0,1,0,1,1,1,1,0,3,0,2,0,1,0.003995805795308771,grey
2,0.4090100785782345,0.3981153946103895,-0.0108946839678456,1.0027735206325012,0.6907138830412455,1.3623246044180255,0.48,0.52,000d852d-0eb3-446f-8d62-9e24add63e02-0,ENSMUSG00000055850,0.1262135922330097,4,1,2,0,3,0,2,0.0,1,0,1,1,1,1,0,3,0,2,0,1,0.003995805795308771,grey
38,0.4128187063130232,0.402307160766456,-0.0105115455465676,1.003392537347814,0.6661499534297347,1.3101163511015657,0.4725,0.5275,ENSMUST00000015981-0,ENSMUSG00000015837,0.0045725898640924,4,0,0,0,2,0,1,0.0,1,0,2,1,0,0,0,2,0,1,0,2,0.004886113325135117,grey
37,0.4128187063130232,0.402307160766456,-0.0105115455465676,1.003392537347814,0.6661499534297347,1.3101163511015657,0.4725,0.5275,ENSMUST00000015981-0,ENSMUSG00000015837,0.0045725898640924,4,0,0,0,2,0,1,0.0,1,0,2,1,0,0,0,2,0,1,0,2,0.004886113325135117,grey
86,0.4058597668603225,0.3960359295179602,-0.0098238373423621,1.0036504813898155,0.7297979148628329,1.3595207396122189,0.4475,0.5525,ENSMUST00000037918-0,ENSMUSG00000037720,0.1836734693877551,3,4,4,0,1,0,0,0.0,2,0,0,1,4,0,0,1,0,0,0,0,0.0052569420406105155,grey
167,0.4113327317061898,0.4021967255714586,-0.0091360061347309,1.0042223230149645,0.7249430250007347,1.3443646847095547,0.4775,0.5225,ENSMUST00000114112,ENSMUSG00000056091,0.1878787878787878,3,2,2,0,1,0,0,0.0,1,0,0,1,2,0,0,1,0,0,0,0,0.006078700368400833,grey
28,0.4091052465144854,0.4022254749662919,-0.0068797715481939,1.0051392275640687,0.7406794837274913,1.331775898638203,0.4775,0.5225,ENSMUST00000001757-0,ENSMUSG00000001707,0.0,1,0,0,0,1,0,0,1.0,2,0,0,0,0,0,0,1,0,0,0,0,0.007395351159687355,grey
59,0.4095451517613176,0.4044226690524318,-0.005122482708886,1.0084858169800222,0.7306715058753577,1.3082512918434304,0.4875,0.5125,ENSMUST00000025762-0,ENSMUSG00000024844,0.698136645962733,4,1,1,0,1,0,0,1.0,2,0,0,1,1,0,0,1,0,0,0,0,0.012190794494781141,grey
249,0.4040377826678528,0.4017219224922603,-0.002315860175593,1.0101123778553975,0.7118998508726391,1.3241731868769713,0.5225,0.4775,b415a66a-6f94-4a2e-a5db-f1d17d933b24-0,ENSMUSG00000019710,0.0242510699001426,5,1,1,0,1,0,0,0.0,1,0,1,1,1,0,0,1,0,0,0,1,0.014515805804606026,grey
94,0.4089182790400464,0.4044773102556556,-0.0044409687843906,1.010136007896065,0.6713306372312584,1.334280682478959,0.495,0.505,ENSMUST00000044007,ENSMUSG00000039670,0.0,1,0,0,0,1,0,0,0.0,1,0,0,0,0,0,0,1,0,0,0,0,0.014549555063092289,grey
41,0.4142166130466382,0.410783861571488,-0.0034327514751502,1.0115209425907086,0.7002632328348746,1.4159106159929444,0.5075,0.4925,ENSMUST00000019939-0,ENSMUSG00000019804,1.0,2,1,1,0,1,0,0,0.9664634146341464,3,0,0,1,1,0,0,1,0,0,0,0,0.01652618985070165,grey
203,0.4126985969631328,0.4093002548161755,-0.0033983421469571,1.0115663102935446,0.6340432747246799,1.3165620966703755,0.4775,0.5225,ENSMUST00000160075,ENSMUSG00000038722,0.0119315623592976,6,0,0,0,1,0,0,0.0,1,0,0,3,0,0,0,1,0,0,0,0,0.01659089468220679,grey
189,0.4074571129757874,0.4036505754858623,-0.0038065374899247,1.011915277003733,0.7068657994590922,1.3765933086796254,0.4875,0.5125,ENSMUST00000143992,ENSMUSG00000045519,0.0,1,0,0,0,1,0,0,0.0,2,0,0,0,0,0,0,1,0,0,0,0,0.017088504890647338,grey
166,0.4055021221275116,0.4036043384523757,-0.0018977836751355,1.0119513394570958,0.7251503114349236,1.3387110771365804,0.4975,0.5025,ENSMUST00000113979-0,ENSMUSG00000026000,0.0,1,1,1,0,1,0,0,0.0,1,1,1,0,1,0,0,1,0,0,1,0,0.017139918479083673,grey
25,0.4045442314355623,0.4058199734739928,0.0012757420384304,1.0126487082596862,0.7895614075261341,1.3402537583781038,0.495,0.505,956acc6d-a3ca-4eba-b120-75c8142ccc5d-0,ENSMUSG00000017707,1.0,2,6,7,0,1,0,0,1.0,3,0,0,1,6,1,0,1,0,0,0,0,0.018133784456802495,grey
190,0.4069525015991606,0.4064143165216384,-0.0005381850775227,1.013761668855781,0.6955794117291609,1.3811588840537683,0.4975,0.5025,ENSMUST00000144067-0,ENSMUSG00000064284,0.0,2,1,1,0,1,0,0,0.0,1,0,0,0,1,0,0,1,0,0,0,0,0.01971852061120985,grey
240,0.4009762048726139,0.4001337069544846,-0.000842497918129,1.0139911818541905,0.7046959857260767,1.362612997806158,0.495,0.505,ENSMUST00000224286,ENSMUSG00000049960,0.0,1,0,0,0,1,0,0,0.0,1,0,0,0,0,0,0,1,0,0,0,0,0.02004510603893896,grey
29,0.4087359703606297,0.4082108406789457,-0.0005251296816841,1.0151059852188065,0.6617116758655922,1.3577306025651688,0.495,0.505,ENSMUST00000001809,ENSMUSG00000022283,0.0,2,0,0,0,1,0,0,0.0,1,0,0,0,0,0,0,1,0,0,0,0,0.021630364225309305,grey
30,0.4076999029034265,0.409371839194795,0.0016719362913687,1.0154353368442444,0.6848486234195216,1.3317468054307446,0.5,0.5,ENSMUST00000002757-0,ENSMUSG00000091803,0.0985915492957746,4,1,1,0,1,0,0,0.0,2,0,0,2,1,0,0,1,0,0,0,0,0.022098371407169637,grey
252,0.4119945950532282,0.412346039037534,0.0003514439843052,1.0166680828809769,0.693019371968467,1.4355417485792747,0.465,0.535,cfd24d34-83a1-438a-a7aa-98c5cfe6c821-0,ENSMUSG00000021417,0.861517558528428,6,0,0,0,1,0,9,0.0,1,0,0,4,0,0,0,1,0,9,0,0,0.023848751623816056,grey
183,0.4009855699317782,0.4046037829423198,0.0036182130105412,1.0178703443838013,0.7239263928775139,1.3385278831833232,0.505,0.495,ENSMUST00000136872-0,ENSMUSG00000027282,0.0093716719914802,5,1,1,0,1,0,0,0.0,1,0,0,2,1,0,0,1,0,0,0,0,0.025553803626397337,grey
95,0.4008343767463539,0.4056394007402589,0.0048050239939044,1.0184942830209958,0.7086791935822158,1.3367597423946735,0.505,0.495,ENSMUST00000045180-0,ENSMUSG00000041459,0.0004767012275056,4,0,1,0,3,0,3,1.0,3,0,1,1,0,1,0,3,0,3,0,1,0.026437882237618754,grey
97,0.4008343767463539,0.4056394007402589,0.0048050239939044,1.0184942830209958,0.7086791935822158,1.3367597423946735,0.505,0.495,ENSMUST00000045180-0,ENSMUSG00000041459,0.0004767012275056,4,0,1,0,3,0,3,1.0,3,0,1,1,0,1,0,3,0,3,0,1,0.026437882237618754,grey
96,0.4008343767463539,0.4056394007402589,0.0048050239939044,1.0184942830209958,0.7086791935822158,1.3367597423946735,0.505,0.495,ENSMUST00000045180-0,ENSMUSG00000041459,0.0004767012275056,4,0,1,0,3,0,3,1.0,3,0,1,1,0,1,0,3,0,3,0,1,0.026437882237618754,grey
53,0.4040307897646836,0.407830592066278,0.0037998023015947,1.0186742778962952,0.7264345121149083,1.42168958384695,0.5075,0.4925,ENSMUST00000024963-0,ENSMUSG00000024150,1.0,2,0,1,0,1,0,0,0.0,1,0,0,1,0,1,0,1,0,0,0,0,0.026692822078766405,grey
3,0.4039409177252973,0.410275805929171,0.0063348882038741,1.0198960252526827,0.6918440424323914,1.3319164127717669,0.5075,0.4925,0fd56850-3eaf-444f-8ec3-ad92f55571ca-0,ENSMUSG00000051154,0.0067567567567567,4,0,0,1,2,2,8,1.0,3,0,3,1,0,0,1,1,2,6,0,3,0.02842208210044713,grey
11,0.4074085094815526,0.4139393516735077,0.0065308421919549,1.0208832772685956,0.7644223412907871,1.424494099332778,0.53,0.47,58d8f918-05c7-4a0d-a187-2863af64bc8e-0,ENSMUSG00000060938,0.0163537250151423,5,0,0,0,1,0,0,1.0,2,0,0,1,0,0,0,1,0,0,0,0,0.02981792504810295,grey
198,0.4061246689384104,0.4129745173327944,0.0068498483943836,1.0216202257588445,0.6959550690515328,1.3355968364400346,0.5125,0.4875,ENSMUST00000154642,ENSMUSG00000050608,0.0047308579152421,4,1,1,0,1,0,0,0.0,2,0,0,1,1,0,0,1,0,0,0,0,0.030858992519304504,grey
253,0.3986591114639508,0.4085434858395351,0.0098843743755849,1.022192731250238,0.7114992665466445,1.3267567103380966,0.545,0.455,d255002a-a6ce-4639-8094-ceba1151f69c-0,ENSMUSG00000037022,0.0188915024992649,3,0,1,0,1,0,0,0.0,1,0,0,1,0,1,0,1,0,0,0,0,0.03166723757136297,grey
244,0.3980865328287121,0.4066252584116927,0.00853872558298,1.022352159968465,0.7014286648244071,1.3250099450130937,0.53,0.47,ENSMUST00000236451-0,ENSMUSG00000034108,0.0033776176536816,5,0,0,0,1,0,0,0.0,2,0,1,1,0,0,0,1,0,0,0,1,0.03189223338594809,grey
17,0.4098614793426307,0.4155555909400169,0.0056941115973865,1.0227927867717284,0.6645429894734268,1.3739479851800112,0.5275,0.4725,727cca97-06de-42f9-9462-84d3258f68fe-0,ENSMUSG00000032599,0.0020876826722338,4,0,4,0,1,0,6,1.0,3,0,2,1,0,4,0,1,0,6,0,2,0.03251389114648964,grey
85,0.4061540703769512,0.410703248077151,0.0045491777001996,1.0234021032245462,0.6223436624942993,1.3797826825790318,0.515,0.485,ENSMUST00000034311-0,ENSMUSG00000031848,1.0,2,0,0,0,1,0,0,0.0,1,0,0,1,0,0,0,1,0,0,0,0,0.03337310338975434,grey
148,0.4074833753533952,0.4153897756212407,0.0079064002678458,1.0243700970188687,0.6799974049524341,1.3989017340665586,0.51,0.49,ENSMUST00000106195,ENSMUSG00000044034,0.0,1,0,0,0,1,0,1,0.0,1,0,0,0,0,0,0,1,0,1,0,0,0.0347370441157123,grey
262,0.5600805611894504,0.6008695620446523,0.0407890008552014,1.076865457859144,0.6049742696282644,1.6262694104179696,0.5475,0.4525,fa7dc343-afc5-45fb-9a87-a8d1b3f537d1-0,ENSMUSG00000100153,0.0,1,0,0,0,1,0,0,0.0,2,0,0,0,0,0,0,1,0,0,0,0,0.10683801273782914,grey
161,0.4328751176689484,0.5415226638581643,0.1086475461892154,1.1415969409193607,0.6827045142775436,1.646735353732672,0.69,0.31,ENSMUST00000111231-0,ENSMUSG00000027165,0.0,1,0,0,0,1,0,3,0.0,1,0,0,0,0,0,0,1,0,3,0,0,0.19105337401322625,grey
237,0.4265814427612576,0.5442599361696255,0.1176784934083677,1.143119164102192,0.7937400541048268,1.6033861902396602,0.76,0.24,ENSMUST00000220621-0,ENSMUSG00000015672,0.9333333333333332,3,0,0,0,1,0,3,0.0,2,0,2,1,0,0,0,1,0,3,0,2,0.1929758046882022,grey
140,0.4244421381315252,0.5600866545170166,0.1356445163854913,1.18077763463969,0.6547192874551633,1.7218019337932675,0.7,0.3,ENSMUST00000102512-0,ENSMUSG00000041193,0.0,2,1,1,0,1,0,0,0.0,1,0,0,0,1,0,0,1,0,0,0,0,0.23973730037613367,grey
231,0.3440174360890255,0.5416242097274256,0.1976067736383998,1.2432539449305455,0.788674385499494,1.771583707669471,0.8325,0.1675,ENSMUST00000210392,ENSMUSG00000003873,1.0,3,0,0,0,1,0,0,0.0,2,0,0,2,0,0,0,1,0,0,0,0,0.3141210089188409,grey
206,0.3364834293856726,0.5380624647129205,0.2015790353272482,1.2445123371965088,0.885172228178005,1.7914657767993798,0.875,0.125,ENSMUST00000163028,ENSMUSG00000037720,1.0,3,0,0,0,1,0,0,0.0,2,0,1,2,0,0,0,1,0,0,0,1,0.3155805322265414,grey
112,0.3453739348455419,0.5483491595503067,0.2029752247047651,1.249200914867363,0.8591855731001449,1.803257815816079,0.8725,0.1275,ENSMUST00000064889,ENSMUSG00000023942,0.4246734091866835,7,0,0,0,1,0,13,0.0,1,0,0,2,0,0,0,1,0,13,0,0,0.32100553104663176,grey
201,0.3379374772475407,0.5424767621303563,0.2045392848828156,1.2501744312166168,0.8102983165282104,1.734738496010396,0.875,0.125,ENSMUST00000159121,ENSMUSG00000022234,0.0073201418277479,5,0,0,0,1,0,0,0.0,2,0,0,1,0,0,0,1,0,0,0,0,0.32212940168296467,grey
102,0.3365183955891804,0.5432166824746374,0.2066982868854567,1.2507351005812708,0.8400218159766398,1.7071910533007046,0.8725,0.1275,ENSMUST00000051822,ENSMUSG00000061559,0.0,3,0,0,0,1,0,11,1.0,2,0,0,0,0,0,0,1,0,11,0,0,0.32277626628580736,grey
186,0.344270725243632,0.5522246558635863,0.2079539306199543,1.251529644336968,0.8659983166175382,1.754351812799395,0.9075,0.0925,ENSMUST00000142087,ENSMUSG00000026939,0.0,4,1,1,0,1,0,2,1.0,2,0,1,0,1,0,0,1,0,2,0,1,0.32369246380404854,grey
114,0.33981323085065,0.5463161122483796,0.2065028813977296,1.2541953394350098,0.8194653937124312,1.8007688759202198,0.855,0.145,ENSMUST00000066668-0,ENSMUSG00000026209,0.0,5,0,0,0,1,0,0,1.0,2,0,1,0,0,0,0,1,0,0,0,1,0.32676206367970084,grey
69,0.3376297465867144,0.544681896614572,0.2070521500278573,1.254654695232386,0.7706126387697342,1.7704501374491315,0.8625,0.1375,ENSMUST00000028293,ENSMUSG00000026927,0.002924689251767,4,3,3,0,1,0,0,0.0,1,0,5,1,3,0,0,1,0,0,0,5,0.32729036176777015,grey
73,0.3344631476151832,0.5391538066278205,0.2046906590126369,1.254912966912522,0.8204908318790666,1.7868116046486398,0.84,0.16,ENSMUST00000030583,ENSMUSG00000028792,0.0,2,0,0,0,1,0,0,0.0,2,0,0,0,0,0,0,1,0,0,0,0,0.3275873111420153,grey
106,0.3308426592155665,0.5413499576444089,0.210507298428842,1.2550073631359495,0.8841661117073378,1.7357031002838264,0.8925,0.1075,ENSMUST00000056997,ENSMUSG00000021982,0.0,2,0,0,0,1,0,10,1.0,2,0,0,0,0,0,0,1,0,10,0,0,0.32769582850159135,grey
205,0.3359137246370217,0.5460935219379303,0.2101797973009084,1.2557602294066217,0.9008523336868962,1.810618875390844,0.895,0.105,ENSMUST00000161241-0,ENSMUSG00000026641,1.0,3,0,0,0,1,0,0,0.0,1,0,0,2,0,0,0,1,0,0,0,0,0.3285610272327926,grey
147,0.3383855924191984,0.5485389078915605,0.2101533154723615,1.256351363188089,0.8549713241102753,1.7265480955099748,0.87,0.13,ENSMUST00000106098,ENSMUSG00000025477,0.0,1,0,0,0,1,0,16,0.0,1,0,0,0,0,0,0,1,0,16,0,0,0.32923999849607544,grey
173,0.3388950765471933,0.5456111303890545,0.2067160538418612,1.2564989811016984,0.8145222864144454,1.831235217903889,0.86,0.14,ENSMUST00000120281,ENSMUSG00000000901,0.0051933064050779,3,0,0,0,1,0,0,0.0,1,0,2,1,0,0,0,1,0,0,0,2,0.3294095013338706,grey
199,0.3371233264106921,0.546399752688143,0.2092764262774519,1.2576831139335445,0.8084665271556836,1.780042855803034,0.865,0.135,ENSMUST00000156848,ENSMUSG00000029759,0.1001390820584144,3,0,0,0,2,0,0,0.0,2,0,0,1,0,0,0,2,0,0,0,0,0.33076846629822093,grey
200,0.3371233264106921,0.546399752688143,0.2092764262774519,1.2576831139335445,0.8084665271556836,1.780042855803034,0.865,0.135,ENSMUST00000156848,ENSMUSG00000029759,0.1001390820584144,3,0,0,0,2,0,0,0.0,2,0,0,1,0,0,0,2,0,0,0,0,0.33076846629822093,grey
101,0.3372503224739507,0.5487668293979487,0.2115165069239978,1.258298188787698,0.8600118937708652,1.745457924893107,0.8775,0.1225,ENSMUST00000048197-0,ENSMUSG00000041845,1.0,3,0,0,0,2,0,0,0.0,1,0,0,2,0,0,0,2,0,0,0,0,0.33147384948893116,grey
100,0.3372503224739507,0.5487668293979487,0.2115165069239978,1.258298188787698,0.8600118937708652,1.745457924893107,0.8775,0.1225,ENSMUST00000048197-0,ENSMUSG00000041845,1.0,3,0,0,0,2,0,0,0.0,1,0,0,2,0,0,0,2,0,0,0,0,0.33147384948893116,grey
174,0.3380763999153601,0.5440632354733699,0.20598683555801,1.2595486952851258,0.7984591123816305,1.8196713496788308,0.835,0.165,ENSMUST00000122456-0,ENSMUSG00000026889,1.0,2,0,1,0,1,0,0,0.0,1,0,0,1,0,1,0,1,0,0,0,0,0.33290689903788406,grey
191,0.3349332203843509,0.5476190520549035,0.2126858316705527,1.2596250788111674,0.8461578461134874,1.7633996244806684,0.9175,0.0825,ENSMUST00000146003-0,ENSMUSG00000030706,0.0,4,2,2,0,1,0,0,1.0,2,0,0,0,2,0,0,1,0,0,0,0,0.33299438655890595,grey
23,0.3389036206813212,0.5503300448373009,0.2114264241559802,1.2600077208615377,0.838599396289983,1.77085812308511,0.8725,0.1275,9465519d-3b7a-4239-8f72-c68f75abd981-0,ENSMUSG00000030815,0.0,4,0,0,0,1,1,8,0.0,1,0,0,0,0,0,0,1,1,7,0,0,0.33343257405417936,grey
258,0.3349256072084502,0.5461079642233859,0.2111823570149359,1.2600266161605451,0.7975966582278263,1.7617310426837691,0.855,0.145,e5b68b9c-b4c3-4592-bf6c-c8523904ae24-0,ENSMUSG00000030788,0.0012790995139421,4,0,1,0,1,0,1,0.8169039358774973,4,0,0,1,0,1,0,1,0,1,0,0,0.3334542088023843,grey
204,0.3413806707625846,0.5540442103463348,0.21266353958375,1.2609460301428623,0.8417694416915821,1.7732337448469582,0.8775,0.1225,ENSMUST00000160590,ENSMUSG00000024797,0.0041708796764408,4,0,0,0,1,0,10,0.0,2,0,0,1,0,0,0,1,0,10,0,0,0.3345065280757155,grey
194,0.3340436366461143,0.5458476244978899,0.2118039878517758,1.26233718186259,0.8550322089021334,1.7884032422337046,0.8675,0.1325,ENSMUST00000147452,ENSMUSG00000028890,0.0,1,0,0,0,1,0,0,0.0,2,0,0,0,0,0,0,1,0,0,0,0,0.33609731890012745,grey
133,0.3358075938613079,0.5485578465474917,0.2127502526861845,1.262984291676417,0.7296110103847874,1.7569537555085777,0.8725,0.1275,ENSMUST00000089950,ENSMUSG00000038975,0.0,7,0,0,0,1,0,0,0.0,1,0,0,0,0,0,0,1,0,0,0,0,0.3368366957672195,grey
143,0.3325959029326184,0.546354907341327,0.2137590044087088,1.2631935432593815,0.8497982318968632,1.7735510474392204,0.875,0.125,ENSMUST00000105349-0,ENSMUSG00000035478,0.0292237442922374,3,1,1,0,1,0,5,0.0,1,0,0,1,1,0,0,1,0,5,0,0,0.33707570207750903,grey
146,0.3381809354217682,0.5532353426766579,0.2150544072548896,1.2638689357198114,0.8527734191134585,1.7966928547541765,0.8775,0.1225,ENSMUST00000106079,ENSMUSG00000028796,1.0,2,0,1,0,1,0,0,0.0,1,0,0,1,0,1,0,1,0,0,0,0,0.33784686257284413,grey
210,0.3326111813639441,0.5482026040005037,0.2155914226365589,1.2638807543422172,0.8283723330277731,1.760387670599836,0.875,0.125,ENSMUST00000168463,ENSMUSG00000091803,0.0,4,0,0,0,1,0,4,1.0,2,0,0,0,0,0,0,1,0,4,0,0,0.337860353361115,grey
68,0.34083111522649,0.5552494754131865,0.2144183601866966,1.2642602975756778,0.7926080308471217,1.7494945630153822,0.8625,0.1375,ENSMUST00000028286-0,ENSMUSG00000026922,1.0,3,0,0,0,1,0,0,0.0,1,0,0,2,0,0,0,1,0,0,0,0,0.33829352946449326,grey
12,0.3400990248885959,0.5533021595508096,0.2132031346622135,1.2642634743483985,0.8378300706199568,1.781686076318921,0.8525,0.1475,5fd358df-7fb2-429e-a8db-fd96d54cac81-0,ENSMUSG00000057130,0.5147058823529411,4,1,1,1,2,0,0,0.0,1,0,0,1,1,0,1,1,0,0,0,0,0.3382971545949358,grey
72,0.3361360631901213,0.5540814057416854,0.2179453425515636,1.264921324456519,0.8735435684985112,1.768976929202192,0.8725,0.1275,ENSMUST00000030361-0,ENSMUSG00000028618,1.0,2,0,0,0,1,0,0,1.0,2,0,0,1,0,0,0,1,0,0,0,0,0.33904765500161627,grey
242,0.334953765945499,0.5489469766650068,0.2139932107195076,1.2657625956707277,0.8038307700625545,1.766294297166244,0.8625,0.1375,ENSMUST00000230105,ENSMUSG00000022463,0.0,2,0,0,0,1,0,0,0.0,2,0,0,0,0,0,0,1,0,0,0,0,0.34000684065402964,grey
51,0.3346084120751413,0.5546547622152123,0.2200463501400709,1.2661960056566997,0.8905272552925064,1.7498429064443193,0.905,0.095,ENSMUST00000023455-0,ENSMUSG00000022771,0.0,5,4,4,0,1,0,0,0.9984787018255578,3,0,0,0,4,0,0,1,0,0,0,0,0.34050074955381404,grey
208,0.3392926583025062,0.5566046143480432,0.2173119560455373,1.2683746002804246,0.8215319243489393,1.7807899663375446,0.885,0.115,ENSMUST00000166176-0,ENSMUSG00000015536,0.8536585365853658,4,1,2,0,2,1,7,0.1656626506024096,3,0,1,2,1,1,0,2,1,6,0,1,0.3429808922860399,grey
209,0.3392926583025062,0.5566046143480432,0.2173119560455373,1.2683746002804246,0.8215319243489393,1.7807899663375446,0.885,0.115,ENSMUST00000166176-0,ENSMUSG00000015536,0.8536585365853658,4,1,2,0,2,1,7,0.1656626506024096,3,0,1,2,1,1,0,2,1,6,0,1,0.3429808922860399,grey
195,0.3334493807646282,0.5497672878347184,0.2163179070700901,1.2685186597394649,0.8691955605210239,1.8463940293027856,0.87,0.13,ENSMUST00000149803-0,ENSMUSG00000063889,0.001855090899454,7,0,2,0,1,0,0,0.0,2,0,0,2,0,2,0,1,0,0,0,0,0.34314474140862566,grey
182,0.3370575386288941,0.5567688335071026,0.2197112948782086,1.2685542083921828,0.8224807321343982,1.7743263706947656,0.8925,0.1075,ENSMUST00000134425,ENSMUSG00000061787,0.0276625172890733,5,0,0,0,1,0,5,1.0,2,1,1,1,0,0,0,1,0,5,1,0,0.343185170570621,grey
165,0.3333284389539132,0.5492277870435455,0.2158993480896326,1.2690504834480816,0.8460896106130166,1.8679618481847788,0.875,0.125,ENSMUST00000112859-0,ENSMUSG00000059689,0.0,5,0,0,0,1,1,1,1.0,2,0,0,0,0,0,0,1,1,0,0,0,0.34374946143396323,grey
144,0.3415207682668379,0.5588728024207245,0.2173520341538864,1.269484607530993,0.9032006856235656,1.924375810475292,0.8675,0.1325,ENSMUST00000105591,ENSMUSG00000065990,1.0,3,0,0,0,1,0,0,0.0,2,0,0,2,0,0,0,1,0,0,0,0,0.3442429024503021,grey
60,0.3371250226998144,0.5545706406064141,0.2174456179065994,1.2696602841618485,0.7728748102800933,1.780636037051856,0.8575,0.1425,ENSMUST00000025823,ENSMUSG00000024889,0.0,3,2,2,0,1,0,8,0.0,1,0,1,0,2,0,0,1,0,8,0,1,0.3444425348583376,grey
256,0.3429807107319368,0.5603002653918441,0.2173195546599076,1.2703974263548146,0.8421168517318947,1.8396504291449032,0.8875,0.1125,e17fa816-af6e-46ba-86b5-d8c405413ad9-0,ENSMUSG00000022216,0.1340952380952381,6,2,2,0,1,0,0,0.0,1,0,7,4,2,0,0,1,0,0,0,7,0.3452798949007289,grey
78,0.3343946174496619,0.5571161511947225,0.2227215337450602,1.2708560292635664,0.8983673948836245,1.735101213469646,0.9,0.1,ENSMUST00000030914,ENSMUSG00000029048,0.0,1,1,2,0,3,0,9,0.0322485352764511,5,0,0,0,1,1,0,3,0,9,0,0,0.3458006018360511,grey
79,0.3343946174496619,0.5571161511947225,0.2227215337450602,1.2708560292635664,0.8983673948836245,1.735101213469646,0.9,0.1,ENSMUST00000030914,ENSMUSG00000029048,0.0,1,1,2,0,3,0,9,0.0322485352764511,5,0,0,0,1,1,0,3,0,9,0,0,0.3458006018360511,grey
77,0.3343946174496619,0.5571161511947225,0.2227215337450602,1.2708560292635664,0.8983673948836245,1.735101213469646,0.9,0.1,ENSMUST00000030914,ENSMUSG00000029048,0.0,1,1,2,0,3,0,9,0.0322485352764511,5,0,0,0,1,1,0,3,0,9,0,0,0.3458006018360511,grey
185,0.3414030295475146,0.5620044967354976,0.2206014671879829,1.271200650041245,0.8643529392740514,1.829813634169832,0.885,0.115,ENSMUST00000141731,ENSMUSG00000086369,0.0460829493087557,3,0,0,0,2,0,0,0.0,2,0,0,1,0,0,0,2,0,0,0,0,0.3461917675358858,grey
184,0.3414030295475146,0.5620044967354976,0.2206014671879829,1.271200650041245,0.8643529392740514,1.829813634169832,0.885,0.115,ENSMUST00000141731,ENSMUSG00000086369,0.0460829493087557,3,0,0,0,2,0,0,0.0,2,0,0,1,0,0,0,2,0,0,0,0,0.3461917675358858,grey
247,0.3372766063383245,0.554744679285222,0.2174680729468973,1.271240552408244,0.8643196946649582,1.8859789687389803,0.8775,0.1225,ac9e2ee4-2292-4123-b4c3-6620f9e3a3e2-0,ENSMUSG00000001134,0.1666666666666666,3,0,2,0,2,0,0,1.0,2,0,0,1,0,2,0,2,0,0,0,0,0.34623705231725144,grey
248,0.3372766063383245,0.554744679285222,0.2174680729468973,1.271240552408244,0.8643196946649582,1.8859789687389803,0.8775,0.1225,ac9e2ee4-2292-4123-b4c3-6620f9e3a3e2-0,ENSMUSG00000001134,0.1666666666666666,3,0,2,0,2,0,0,1.0,2,0,0,1,0,2,0,2,0,0,0,0,0.34623705231725144,grey
163,0.3315523523361092,0.5489849099891038,0.2174325576529946,1.2714839199088614,0.8019708665216674,1.795600393273219,0.875,0.125,ENSMUST00000112151,ENSMUSG00000048668,0.0,3,0,1,0,1,0,0,0.0,2,0,0,0,0,1,0,1,0,0,0,0,0.3465132167944876,grey
18,0.3290671989733061,0.546236512369308,0.2171693133960014,1.2719880246150044,0.8376784180380183,1.8570822064243988,0.84,0.16,7a17f9d8-4b1c-4206-98a9-59f226f85935-0,ENSMUSG00000024608,0.0,7,0,0,0,1,0,0,1.0,2,0,0,0,0,0,0,1,0,0,0,0,0.34708508814595246,grey
75,0.3269384064597034,0.5464172845370402,0.2194788780773366,1.2719969949971748,0.8780336956383759,1.8070019453065704,0.875,0.125,ENSMUST00000030813-0,ENSMUSG00000073705,0.0,1,0,0,0,1,0,4,0.0,1,0,0,0,0,0,0,1,0,4,0,0,0.3470952623614234,grey
261,0.3348361754296558,0.5596801339947712,0.2248439585651143,1.2741583449244185,0.7610420523200057,1.7360262716578465,0.89,0.11,e922a60e-03c1-4581-8355-61b6f4339e97-0,ENSMUSG00000042079,0.0,4,1,1,0,1,0,0,1.0,2,0,0,0,1,0,0,1,0,0,0,0,0.34954457841196473,grey
151,0.3352198812052701,0.5516316952380617,0.2164118140327907,1.2748140659046812,0.8167604154503733,1.8489701166252857,0.83,0.17,ENSMUST00000108195-0,ENSMUSG00000027679,1.0,2,2,2,0,1,0,0,0.0,3,0,3,1,2,0,0,1,0,0,0,3,0.35028684256773257,grey
31,0.3367211927062379,0.5586975439170354,0.2219763512107976,1.2748276472143043,0.8825817174319346,1.838771152825896,0.8775,0.1225,ENSMUST00000003284-0,ENSMUSG00000003184,0.0037624294544477,5,0,0,1,2,0,0,0.0,1,0,4,1,0,0,1,1,0,0,0,4,0.35030221232571973,grey
255,0.3339184361687474,0.5514562147771073,0.2175377786083596,1.2750120129882117,0.752208204284738,1.8509251931337,0.845,0.155,df2ac38c-fac6-46b5-8d00-c300b517415b-0,ENSMUSG00000002996,1.0,2,0,0,0,1,0,0,1.0,2,0,0,1,0,0,0,1,0,0,0,0,0.3505108400228575,grey
7,0.3333905038994046,0.5564509069199123,0.2230604030205078,1.275219697002364,0.8458617617763154,1.7565512713419478,0.88,0.12,339c57f7-fc48-4eff-a200-3f8525e9f091-0,ENSMUSG00000008540,1.0,5,0,0,0,1,0,0,1.0,2,0,0,4,0,0,0,1,0,0,0,0,0.35074581843425284,grey
228,0.3385467213655563,0.5636524457130205,0.2251057243474641,1.2759412943275208,0.8059042181328944,1.7058646621246762,0.89,0.11,ENSMUST00000207636-0,ENSMUSG00000039405,0.931237721021611,3,0,0,0,1,0,0,0.0,1,0,0,1,0,0,0,1,0,0,0,0,0.35156195266790036,grey
118,0.3277888063832802,0.5495262800717707,0.2217374736884904,1.2767300842415588,0.8428078198699424,1.8357203343379649,0.855,0.145,ENSMUST00000073488,ENSMUSG00000060601,0.0,5,0,0,0,2,0,10,1.0,2,0,0,0,0,0,0,2,0,10,0,0,0.3524535545740914,grey
119,0.3277888063832802,0.5495262800717707,0.2217374736884904,1.2767300842415588,0.8428078198699424,1.8357203343379649,0.855,0.145,ENSMUST00000073488,ENSMUSG00000060601,0.0,5,0,0,0,2,0,10,1.0,2,0,0,0,0,0,0,2,0,10,0,0,0.3524535545740914,grey
220,0.3357419715563196,0.5601095462476648,0.224367574691345,1.2782946497307883,0.8163590662377939,1.7649454177890458,0.8825,0.1175,ENSMUST00000196709,ENSMUSG00000059743,0.0109550995216787,6,1,1,0,1,0,0,0.0,1,0,0,1,1,0,0,1,0,0,0,0,0.35422041899976375,grey
107,0.3369853741452297,0.5632405216748174,0.2262551475295877,1.2785388904295991,0.8304431625254847,1.8455972456084613,0.9075,0.0925,ENSMUST00000057792-0,ENSMUSG00000032667,0.0,1,1,2,0,1,0,0,1.0,2,0,1,0,1,1,0,1,0,0,0,1,0.3544960449570228,grey
4,0.3289365344427616,0.5574947321844721,0.2285581977417106,1.280627130199677,0.8893282598053616,1.7991584474555644,0.895,0.105,1e3df45a-f716-4217-a2bb-3e9ae1b96eb6-0,ENSMUSG00000034501,0.0,1,0,0,0,1,0,0,0.0,2,0,0,0,0,0,0,1,0,0,0,0,0.3568504790225281,grey
215,0.3307502673484955,0.55849005357517,0.2277397862266744,1.28440764383136,0.8478593793541602,1.8475442912269069,0.8675,0.1325,ENSMUST00000177715,ENSMUSG00000076617,0.0,1,0,0,0,1,0,0,1.0,2,0,0,0,0,0,0,1,0,0,0,0,0.3611031560411461,grey
170,0.654769441022564,0.8874670328286594,0.2326975918060959,1.323522620833035,0.528877501682659,2.145986830177195,0.785,0.215,ENSMUST00000118366,ENSMUSG00000024012,0.0,7,0,0,0,1,0,0,0.0,2,0,0,0,0,0,0,1,0,0,0,0,0.4043828526986311,grey
155,0.6419681136870511,0.9050170177883282,0.2630489041012776,1.3739183021446773,0.6967778516740378,2.37248910313242,0.7875,0.2125,ENSMUST00000108578,ENSMUSG00000020831,0.0,5,2,2,0,1,0,6,1.0,2,0,0,0,2,0,0,1,0,6,0,0,0.4582962191523846,grey
127,0.6313479065627977,0.8945023143404857,0.2631544077776883,1.3807528990110938,0.5859563915974433,2.305168869994254,0.775,0.225,ENSMUST00000080281-0,ENSMUSG00000012405,0.1023206751054852,5,0,0,0,1,0,0,0.0,1,0,0,2,0,0,0,1,0,0,0,0,0.46545515647617663,grey
40,0.6338823523249792,0.9282775317941224,0.2943951794691429,1.4263919073081517,0.6919210740452334,2.395358152306999,0.775,0.225,ENSMUST00000019683,ENSMUSG00000019539,0.0,2,0,0,0,1,0,0,0.0,1,0,0,0,0,0,0,1,0,0,0,0,0.5123704229104327,grey
135,0.6178281989868499,0.9881753096552788,0.3703471106684286,1.5356222722192272,0.6892811098715803,2.5961242583945325,0.8725,0.1275,ENSMUST00000095427,ENSMUSG00000024012,0.0,7,0,0,0,1,0,0,1.0,2,0,0,0,0,0,0,1,0,0,0,0,0.6188233898789085,grey
150,0.4639071821528117,0.9034322075080492,0.4395250253552387,1.623069614535807,0.8287380418305627,2.6231766100612464,0.945,0.055,ENSMUST00000107843-0,ENSMUSG00000109324,1.0,2,1,2,0,1,0,8,0.0,1,0,0,1,1,1,0,1,0,8,0,0,0.6987248793632365,grey
129,0.4468440264671081,0.9081536079381776,0.4613095814710696,1.6726546174658945,0.8760139539843763,2.8690341107435926,0.97,0.03,ENSMUST00000082439,ENSMUSG00000035757,0.0,1,0,0,0,1,0,0,0.0,1,0,1,0,0,0,0,1,0,0,0,1,0.7421395774084649,grey
24,0.3735240540662996,0.9278723573437416,0.5543483032774439,1.834115975266675,0.9369656336355044,3.005925051220146,0.9825,0.0175,9506e71e-165e-4c84-8fd4-d735d3231ff1-0,ENSMUSG00000041193,0.0,2,0,1,0,1,0,0,0.0,1,0,0,0,0,1,0,1,0,0,0,0,0.8750848666603792,grey
26,0.3668574744585461,0.9377862715015844,0.5709287970430377,1.8830129129183253,0.8757981611985456,3.1368362010697863,0.975,0.025,96296734-9a67-45e5-80e2-aad8bdad1a14-0,ENSMUSG00000024346,0.0,1,1,1,0,1,0,0,0.0,2,0,0,0,1,0,0,1,0,0,0,0,0.913042893387805,grey
238,0.3649051795929881,0.9411138527797318,0.576208673186744,1.8887723572164417,0.9739590834006164,3.253819546327728,0.99,0.01,ENSMUST00000221699-0,ENSMUSG00000015672,0.9333333333333332,3,0,0,0,1,0,3,0.0,2,0,2,1,0,0,0,1,0,3,0,2,0.917448832533395,grey
5,0.3545145431413626,0.965102990931126,0.6105884477897644,1.9258735394983943,1.0817985578964655,3.239128227075136,1.0,0.0,229adcc3-292e-49b9-a5a8-5e2622aa4e21-0,ENSMUSG00000027165,0.0,1,0,0,0,1,0,3,0.0,1,0,0,0,0,0,0,1,0,3,0,0,0.9455129732081634,red
103,1.3797426660624188,2.0898648387612644,0.710122172698843,2.510323958457303,0.4360478869286092,5.428659121487776,0.9025,0.0975,ENSMUST00000052725-0,ENSMUSG00000032018,0.0,2,1,1,0,1,0,0,0.0,2,0,0,0,1,0,0,1,0,0,0,0,1.3278735566466213,grey
197,5.674580356174619,5.751912228511179,0.0773318723365668,3.18886788502108,0.0305833835140317,13.55594312766951,0.5,0.5,ENSMUST00000150350-0,ENSMUSG00000074129,0.0201912858660998,9,2,3,0,1,0,5,0.0,2,0,4,2,2,1,0,1,0,5,0,4,1.6730443278902118,grey
234,4.505294943022617,5.146726371762348,0.6414314287397304,3.496755382850278,0.0406878654482773,11.611835381325228,0.74,0.26,ENSMUST00000212129,ENSMUSG00000045128,0.75,3,1,1,0,1,0,5,0.0,1,0,1,1,1,0,0,1,0,5,0,1,1.806016875162752,grey
257,0.8014286883272393,2.616524793736144,1.8150961054089056,8.36961969155361,1.3572227744933685,23.57880799889319,1.0,0.0,e4843785-586d-41dc-ac18-dd150b4da06f-0,ENSMUSG00000030744,1.0,2,0,0,0,1,0,0,0.0,1,0,0,1,0,0,0,1,0,0,0,0,3.065162069421383,red
104,1.3696707222572766,3.0873960965398863,1.7177253742826064,9.05228779318422,0.7777639566832635,26.367641404320462,0.9875,0.0125,ENSMUST00000054220-0,ENSMUSG00000045128,0.75,3,1,1,0,1,0,5,0.0,1,0,1,1,1,0,0,1,0,5,0,1,3.1782824519489896,grey
139,0.5902664048191874,2.829932000974705,2.2396655961555147,16.55967591024226,0.8079330328004439,62.40049716409997,0.9975,0.0025,ENSMUST00000100799,ENSMUSG00000012405,0.1023206751054852,5,0,0,0,1,0,0,0.0,1,0,0,2,0,0,0,1,0,0,0,0,4.049602532986581,grey
188,0.5949245729698446,3.013014491288354,2.418089918318508,20.85147568060924,1.1518891506810824,63.62654964538598,1.0,0.0,ENSMUST00000143134,ENSMUSG00000034387,0.8924330415185924,3,1,2,0,1,0,0,0.0702083539054014,3,0,1,1,1,1,0,1,0,0,0,1,4.38207758319811,red
32,1.3553436623408572,3.7574036849900714,2.4020600226492155,21.520802539372355,1.1819853722500406,87.7190440527603,1.0,0.0,ENSMUST00000003521-0,ENSMUSG00000003429,1.0,4,0,0,0,1,0,1,1.0,2,0,0,3,0,0,0,1,0,1,0,0,4.427659973803462,red
230,4.484133970764077,6.432340057554991,1.9482060867909192,28.299693798088416,0.1759052734633861,101.98447279112769,0.9325,0.0675,ENSMUST00000209812-0,ENSMUSG00000074129,0.0201912858660998,9,1,3,0,1,0,5,0.0,2,0,4,2,1,2,0,1,0,5,0,4,4.822714538108151,grey
111,0.473279426419031,3.3513478174357543,2.878068391016721,40.45048375418235,1.4349342423808231,157.31158492359174,1.0,0.0,ENSMUST00000064200,ENSMUSG00000052369,0.0,2,0,0,0,1,1,8,0.0,1,0,0,0,0,0,0,1,1,7,0,0,5.338085051079986,red
225,0.8366549968411668,3.743381312123843,2.9067263152826786,43.472102173905824,1.1854937980282152,200.547081909805,1.0,0.0,ENSMUST00000204890,ENSMUSG00000030057,0.0143126177024482,5,0,0,0,2,0,2,0.0,1,0,1,2,0,0,0,2,0,2,0,1,5.4420179563772875,red
224,0.8366549968411668,3.743381312123843,2.9067263152826786,43.472102173905824,1.1854937980282152,200.547081909805,1.0,0.0,ENSMUST00000204890,ENSMUSG00000030057,0.0143126177024482,5,0,0,0,2,0,2,0.0,1,0,1,2,0,0,0,2,0,2,0,1,5.4420179563772875,red
6,0.6040166436495685,3.7219177703536808,3.117901126704112,50.94782106717174,1.4307257240884177,201.6744650942001,1.0,0.0,3206cc8d-b8f2-4898-9bdf-add71edcbafb-0,ENSMUSG00000021996,0.0,4,0,0,1,2,0,1,0.0,1,0,0,0,0,0,1,1,0,1,0,0,5.670948541517783,red
216,1.1927867527764326,4.376315643675456,3.183528890899021,69.2653068684323,1.125160046665628,272.15310541232304,1.0,0.0,ENSMUST00000178079,ENSMUSG00000073702,0.0,2,0,0,0,1,0,0,0.0,1,0,1,0,0,0,0,1,0,0,0,1,6.114061020965197,red
22,1.333409616608987,4.576341871979923,3.2429322553709388,73.7315557793176,2.0068293801677624,244.60899160471877,1.0,0.0,8c008d07-3a1b-480a-a199-b91310b86b81-0,ENSMUSG00000018593,1.0,3,1,2,0,2,0,10,1.0,3,0,0,2,1,1,0,2,0,10,0,0,6.204210293894599,red
21,1.333409616608987,4.576341871979923,3.2429322553709388,73.7315557793176,2.0068293801677624,244.60899160471877,1.0,0.0,8c008d07-3a1b-480a-a199-b91310b86b81-0,ENSMUSG00000018593,1.0,3,1,2,0,2,0,10,1.0,3,0,0,2,1,1,0,2,0,10,0,0,6.204210293894599,red
160,0.6126615682791257,3.9481374282993063,3.335475860020184,88.44655338922108,2.1159024930507804,402.75611677258695,1.0,0.0,ENSMUST00000109825,ENSMUSG00000019188,1.0,2,0,4,0,1,0,0,0.0,2,0,0,1,0,4,0,1,0,0,0,0,6.466734019542378,red
138,0.607916417279254,4.087957913803536,3.4800414965242874,104.7006779548845,1.025477997764041,395.9389167521039,1.0,0.0,ENSMUST00000098994,ENSMUSG00000048758,0.8415841584158416,3,0,0,1,2,1,4,0.0,2,0,0,1,0,0,1,1,1,3,0,0,6.710126973772034,red
27,0.6192504327071064,4.401543614140325,3.7822931814332152,163.21971373719884,2.088417556672968,664.1097827163111,1.0,0.0,9a46beb9-3fb7-4a85-9a11-31d8099f5a09-0,ENSMUSG00000047215,0.1790513833992094,6,0,0,0,1,0,0,0.0,1,0,2,3,0,0,0,1,0,0,0,2,7.350671506846837,red
235,0.8339049677285242,4.715208346555259,3.881303378826741,201.41577781538732,1.65789745782232,852.202916797318,1.0,0.0,ENSMUST00000212378-0,ENSMUSG00000045128,0.75,3,1,1,0,1,0,5,0.0,1,0,1,1,1,0,0,1,0,5,0,1,7.654032890420535,red
251,0.4732802565205821,4.106406886947337,3.633126630426749,344.26511494377445,2.1910127133007973,732.2936503713636,1.0,0.0,ba459ef8-40d3-42db-b5c0-2b00b53dca1b-0,ENSMUSG00000026201,0.0108352144469525,5,0,1,1,2,0,3,0.0,1,0,1,1,0,1,1,1,0,3,0,1,8.42737618698382,red
162,3.9190056931884185,7.719093069479826,3.8000873762914034,377.8671752072481,0.9405111481548176,1027.7219646990552,0.9975,0.0025,ENSMUST00000111996,ENSMUSG00000018770,0.0,4,0,0,0,1,0,5,0.0,1,0,0,0,0,0,0,1,0,5,0,0,8.561735388916278,grey
241,1.263544035029101,5.597340549310544,4.333796514281434,385.1761509810975,2.0304250429771726,2163.154054786507,1.0,0.0,ENSMUST00000225023-0,ENSMUSG00000025290,0.2808988764044944,6,2,4,1,2,1,7,1.0,2,0,3,2,2,2,1,1,1,6,0,3,8.589374568121034,red
134,0.8435027667362068,5.224189886075811,4.380687119339606,595.5155717507809,1.486413983298311,1839.4657614260236,1.0,0.0,ENSMUST00000093140,ENSMUSG00000025135,0.0,2,0,0,0,1,0,0,1.0,2,0,0,0,0,0,0,1,0,0,0,0,9.217995422455067,red
15,1.2482122169014758,5.5562050040766895,4.307992787175213,803.9637896281977,2.719631172247691,1890.541625852356,1.0,0.0,657ebdfc-f583-4186-9d1c-18139193cf80-0,ENSMUSG00000030057,0.0143126177024482,5,0,0,0,2,0,2,0.0,1,0,1,2,0,0,0,2,0,2,0,1,9.650986713939798,red
14,1.2482122169014758,5.5562050040766895,4.307992787175213,803.9637896281977,2.719631172247691,1890.541625852356,1.0,0.0,657ebdfc-f583-4186-9d1c-18139193cf80-0,ENSMUSG00000030057,0.0143126177024482,5,0,0,0,2,0,2,0.0,1,0,1,2,0,0,0,2,0,2,0,1,9.650986713939798,red
132,3.4014908206330774,8.451960931370722,5.050470110737657,1777.6574422303509,1.559187747871065,5806.680755200039,1.0,0.0,ENSMUST00000087342-0,ENSMUSG00000067288,0.0675675675675675,5,0,0,0,1,0,0,1.0,2,0,0,1,0,0,0,1,0,0,0,0,10.795761625697228,red
9,0.8517267270673444,5.186841233880468,4.335114506813125,1879.001874167916,1.374802717797061,2233.684631367838,1.0,0.0,415c2104-1170-4042-84f8-b6f0d205ea4c-0,ENSMUSG00000040952,0.0640878919661249,6,2,3,1,3,0,0,1.0,2,0,1,2,2,1,1,2,0,0,0,1,10.875750790404307,red
8,0.8517267270673444,5.186841233880468,4.335114506813125,1879.001874167916,1.374802717797061,2233.684631367838,1.0,0.0,415c2104-1170-4042-84f8-b6f0d205ea4c-0,ENSMUSG00000040952,0.0640878919661249,6,2,3,1,3,0,0,1.0,2,0,1,2,2,1,1,2,0,0,0,1,10.875750790404307,red
260,0.5088015095099867,5.584139154142648,5.075337644632665,2211.5426556237057,2.254640889600526,3725.7513518977776,1.0,0.0,e63fcce0-c179-4256-89ad-e6b80f711374-0,ENSMUSG00000004996,0.0,2,0,1,0,2,0,0,1.0,3,0,0,0,0,1,0,2,0,0,0,0,11.11083735347035,red
259,0.5088015095099867,5.584139154142648,5.075337644632665,2211.5426556237057,2.254640889600526,3725.7513518977776,1.0,0.0,e63fcce0-c179-4256-89ad-e6b80f711374-0,ENSMUSG00000004996,0.0,2,0,1,0,2,0,0,1.0,3,0,0,0,0,1,0,2,0,0,0,0,11.11083735347035,red
168,0.5995363298463525,6.339984856893132,5.740448527046783,11689.597917129106,3.646186269180649,12775.262457170926,1.0,0.0,ENSMUST00000114191-0,ENSMUSG00000022890,0.0,7,1,1,0,1,0,0,0.0,1,0,0,0,1,0,0,1,0,0,0,0,13.512937686413013,red
16,0.565256061693096,7.0210331514511495,6.455777089758048,39648.43489347999,5.074337329951989,72051.06463690454,1.0,0.0,71cb76e7-5c4b-44fa-b161-353caab7219d-0,ENSMUSG00000074129,0.0201912858660998,9,2,3,0,1,0,5,0.0,2,0,4,2,2,1,0,1,0,5,0,4,15.274976296778059,red
10,0.4875695193541813,6.449053545537844,5.961484026183663,41816.06145756667,4.340365975262992,58094.38675525749,1.0,0.0,4fafeba7-2943-4799-8d02-210ee84a68ae-0,ENSMUSG00000032575,0.0,2,0,1,0,1,0,6,1.0,3,0,0,0,0,1,0,1,0,6,0,0,15.351769564307642,red
229,1.0437387604083832,7.48774434472403,6.444005584315646,43053.22599074398,4.7924272836858055,69040.65698958763,1.0,0.0,ENSMUST00000209626-0,ENSMUSG00000074129,0.0201912858660998,9,2,3,0,1,0,5,0.0,2,0,4,2,2,1,0,1,0,5,0,4,15.393833722780782,red
250,0.4684223984266121,7.19060262217931,6.722180223752688,49940.232670675054,2.950292936838537,148830.96661942947,1.0,0.0,b6d2bfb6-5b35-4682-8cd0-6f133b2a117f-0,ENSMUSG00000071866,0.0058252427184466,3,0,1,0,1,0,0,0.0,1,0,0,1,0,1,0,1,0,0,0,0,15.607914922322324,red
179,2.087612940545808,9.41682540043665,7.329212459890841,81819.10377945416,7.513018317180412,203666.87331362747,1.0,0.0,ENSMUST00000129909,ENSMUSG00000090137,0.3786078098471986,7,0,0,0,1,0,0,0.0,1,0,0,3,0,0,0,1,0,0,0,0,16.320150114037467,red
246,0.5525240220668277,7.342028097844986,6.789504075778157,253697.39272007823,4.156049775881549,122988.47688597036,1.0,0.0,a7bada41-3489-41e4-be74-2f3d2ce5b0ea-0,ENSMUSG00000025290,0.2808988764044944,6,3,4,1,2,0,7,1.0,2,0,3,2,3,1,1,1,0,7,0,3,17.952749167156984,red
154,0.5370981602003189,7.88908596537339,7.351987805173068,253785.0086380704,3.7935031712728056,285266.7647426684,1.0,0.0,ENSMUST00000108539,ENSMUSG00000012848,0.0,3,0,0,0,1,0,0,0.0,1,0,0,0,0,0,0,1,0,0,0,0,17.95324732453666,red
