,beta_a_mean,beta_b_mean,difference_mean,fold_change_mean,fold_change_hdi_low,fold_change_hdi_high,p_diff_greater_than_zero,p_diff_less_than_zero,transcript_id,gene_id,ap,apt,ce,cet,a5,a5t,a3,a3t,ae,aet,i,it,promoter_group,ceI,ceE,a5I,a5E,a3I,a3E,iI,iE,log2_fold_change,log2_fold_change_mean,color
103,9.475122039683631,1.1700822259739534,-8.305039813709682,0.0032162355459932,4.4797762802146414e-08,0.0146892748616709,0.0,1.0,ENSMUST00000038197,ENSMUSG00000039956,0.45703125,4,0,0,0,0,1,2,1.0,2,0,0,1,0,0,0,0,1,1,0,0,-8.280411216269522,-8.280411216269522,blue
149,9.641852424251493,1.5794973280526514,-8.06235509619884,0.0038955903090564,9.054537567847017e-09,0.0213112251370115,0.0,1.0,ENSMUST00000105465,ENSMUSG00000004207,0.0,2,0,1,1,1,1,15,0.0,2,0,0,0,0,1,1,0,1,14,0,0,-8.003942324431707,-8.003942324431707,blue
72,8.197879840330238,0.7121794332856156,-7.485700407044617,0.0045323395949355,1.4725724734234558e-08,0.0275923003323009,0.0,1.0,ENSMUST00000006911-0,ENSMUSG00000006728,0.0490566037735849,3,1,1,0,0,1,8,0.0,1,0,2,1,1,0,0,0,1,7,0,2,-7.785528322538452,-7.785528322538452,blue
139,9.667176147448632,1.5291097712987891,-8.13806637614985,0.0050054652677521,1.9588325725716323e-08,0.025420418357051,0.0,1.0,ENSMUST00000089377-0,ENSMUSG00000068220,0.0,1,0,1,0,0,1,5,0.0,2,0,0,0,0,1,0,0,1,4,0,0,-7.642280108052134,-7.642280108052134,blue
116,8.821268893539793,1.400182428830119,-7.421086464709671,0.0058056885658158,1.9659926099207814e-07,0.0332472794901142,0.0,1.0,ENSMUST00000059802,ENSMUSG00000048758,0.8415841584158416,3,0,0,1,2,1,4,1.0,2,0,0,1,0,0,1,1,1,3,0,0,-7.4283171010206095,-7.4283171010206095,blue
91,7.327282782597442,0.3646535384096126,-6.962629244187835,0.0062231360111571,8.259253522614772e-08,0.0280533929251165,0.0,1.0,ENSMUST00000027726,ENSMUSG00000026456,0.0,2,0,0,0,0,1,4,1.0,2,0,0,0,0,0,0,0,1,3,0,0,-7.328142506944346,-7.328142506944346,blue
96,9.465432047554634,2.6974198084532865,-6.768012239101353,0.0066036578081371,9.49956690338254e-08,0.028165421303726,0.0,1.0,ENSMUST00000032597-0,ENSMUSG00000030432,0.0,4,0,0,0,0,1,2,1.0,2,0,1,0,0,0,0,0,1,1,0,1,-7.2425189208152565,-7.2425189208152565,blue
223,7.432017987367318,0.3596764704650951,-7.072341516902225,0.0066856703715835,2.2625046807510893e-07,0.0364104520953281,0.0,1.0,ENSMUST00000193210-0,ENSMUSG00000061518,0.875,3,0,1,0,0,1,2,0.0,1,0,0,1,0,1,0,0,1,1,0,0,-7.224712058184919,-7.224712058184919,blue
160,8.195574665896318,0.6258336851248272,-7.569740980771479,0.0068537229162438,5.378063829289765e-08,0.0363028066824036,0.0,1.0,ENSMUST00000109682,ENSMUSG00000047459,0.0,3,1,1,0,0,1,4,1.0,2,0,0,0,1,0,0,0,1,3,0,0,-7.188896417205555,-7.188896417205555,blue
29,7.1673935939112985,0.3546807150382765,-6.812712878873025,0.0070751833240789,1.7440781991549428e-10,0.0338621189474431,0.0,1.0,4ed9c5b2-0986-448b-85dd-8b7ea6379dfa-0,ENSMUSG00000078427,1.0,2,1,1,0,0,1,9,0.0,1,0,0,1,1,0,0,0,1,8,0,0,-7.143016754765198,-7.143016754765198,blue
93,7.5069822415643985,0.3613904624988873,-7.145591779065516,0.0073747374954397,7.981920796529937e-11,0.027464099961743,0.0,1.0,ENSMUST00000030501-0,ENSMUSG00000028729,0.0,1,0,0,1,1,1,9,1.0,2,0,0,0,0,0,1,0,1,8,0,0,-7.083192587268715,-7.083192587268715,blue
86,7.430237288167245,0.3645928590214297,-7.065644429145809,0.0074211351099217,1.8486383073767365e-09,0.039234179604769,0.0,1.0,ENSMUST00000023243,ENSMUSG00000022579,0.0,2,0,0,0,0,1,4,0.0,1,0,0,0,0,0,0,0,1,3,0,0,-7.074144411534809,-7.074144411534809,blue
216,7.316751186991207,0.3677286926070841,-6.949022494384135,0.0075008942918196,7.270269046324146e-07,0.0375730456944942,0.0,1.0,ENSMUST00000177005-0,ENSMUSG00000001418,0.0,1,1,1,1,1,1,5,0.0,1,0,1,0,1,0,1,0,1,4,0,1,-7.058721673925714,-7.058721673925714,blue
111,7.301982816504285,0.3687261508414242,-6.933256665662863,0.0075022616908868,5.677997643027556e-10,0.0338181017873669,0.0,1.0,ENSMUST00000051698-0,ENSMUSG00000022587,0.2326820603907637,7,0,1,0,0,1,5,0.0,1,0,1,3,0,1,0,0,1,4,0,1,-7.058458697274547,-7.058458697274547,blue
174,7.138415561548687,0.3613209840667508,-6.77709457748193,0.0080552086875085,1.1868138797884028e-08,0.0390691881862915,0.0,1.0,ENSMUST00000126534-0,ENSMUSG00000033685,0.0,2,0,0,0,0,1,2,0.0,1,0,0,0,0,0,0,0,1,1,0,0,-6.955862319127684,-6.955862319127684,blue
106,7.260812874192412,0.3559706402001706,-6.904842233992233,0.0084218567222869,6.906400050991036e-09,0.0406808451873712,0.0,1.0,ENSMUST00000043074,ENSMUSG00000038274,0.258575197889182,4,0,0,0,0,1,5,0.9090909090909092,3,0,3,1,0,0,0,0,1,4,0,3,-6.891645952945682,-6.891645952945682,blue
113,7.098274547938837,0.3581391132984607,-6.740135434640368,0.0084369777383079,2.069673825317956e-07,0.0542714840743456,0.0,1.0,ENSMUST00000054680-0,ENSMUSG00000044876,0.0044945800652154,3,0,1,1,1,1,3,1.0,2,0,0,1,0,1,1,0,1,2,0,0,-6.889057989853988,-6.889057989853988,blue
177,7.040643667839354,0.3630286019538101,-6.677615065885525,0.0090569467343769,2.4011924070494535e-07,0.0462515204311336,0.0,1.0,ENSMUST00000129339-0,ENSMUSG00000025967,0.0175849941383352,3,1,1,0,1,2,5,1.0,2,0,1,1,1,0,0,1,2,3,0,1,-6.7867595118278565,-6.7867595118278565,blue
176,7.040643667839354,0.3630286019538101,-6.677615065885525,0.0090569467343769,2.4011924070494535e-07,0.0462515204311336,0.0,1.0,ENSMUST00000129339-0,ENSMUSG00000025967,0.0175849941383352,3,1,1,0,1,2,5,1.0,2,0,1,1,1,0,0,1,2,3,0,1,-6.7867595118278565,-6.7867595118278565,blue
55,7.418505654662591,0.3633742325850515,-7.055131422077534,0.0091520224291433,5.093804315344089e-09,0.0434203861718442,0.0,1.0,93d7d7f4-e38c-4194-92d4-24ebb005ac2c-0,ENSMUSG00000025858,0.0387531592249368,3,0,0,0,1,1,7,0.7518900343642612,3,0,1,1,0,0,0,1,1,6,0,1,-6.771693696884273,-6.771693696884273,blue
98,7.493166453560778,0.3581663622493425,-7.135000091311428,0.0093545529053635,2.557724146942483e-08,0.046858172996548,0.0,1.0,ENSMUST00000033241,ENSMUSG00000030946,0.0,1,3,3,0,0,1,7,0.0,1,0,0,0,3,0,0,0,1,6,0,0,-6.740115582198574,-6.740115582198574,blue
85,7.110659839323967,0.3590369414854721,-6.75162289783849,0.0095326355963838,1.9324696058730898e-07,0.0576249153630852,0.0,1.0,ENSMUST00000023225,ENSMUSG00000022564,0.0,2,0,0,0,0,1,6,0.0,1,0,2,0,0,0,0,0,1,5,0,2,-6.712909137038612,-6.712909137038612,blue
156,7.343567982491691,0.3607525727676583,-6.982815409724043,0.0096382292682114,1.0287021790388977e-07,0.0448538673967678,0.0,1.0,ENSMUST00000108275-0,ENSMUSG00000001105,0.7321428571428571,4,0,1,0,0,1,6,1.0,3,0,3,2,0,1,0,0,1,5,0,3,-6.697016165242456,-6.697016165242456,blue
120,7.248314178208322,0.3552767548577325,-6.893037423350581,0.0105146061072876,3.7145672647623054e-10,0.0458775248567925,0.0,1.0,ENSMUST00000065373,ENSMUSG00000025940,0.1034482758620689,3,0,0,0,0,1,2,1.0,2,0,0,1,0,0,0,0,1,1,0,0,-6.57146138418499,-6.57146138418499,blue
63,7.190032939579022,0.3608690374739245,-6.829163902105093,0.0107363402270518,5.989083116879948e-07,0.0533660791284871,0.0,1.0,ENSMUST00000002112,ENSMUSG00000002043,0.9640718562874252,4,1,1,0,0,1,6,0.0,1,0,0,1,1,0,0,0,1,5,0,0,-6.541353894410962,-6.541353894410962,blue
237,7.182274585209856,0.3556615906232573,-6.8266129945866085,0.0107718530928068,3.123699941252158e-08,0.0468909158004983,0.0,1.0,ENSMUST00000224188,ENSMUSG00000093930,1.0,2,0,0,0,0,1,10,1.0,2,0,0,1,0,0,0,0,1,9,0,0,-6.536589730251794,-6.536589730251794,blue
110,7.16339469307204,0.3625558462298995,-6.8008388468421375,0.011699435063647,5.127027745159588e-08,0.0538689203070227,0.0,1.0,ENSMUST00000049093,ENSMUSG00000038393,1.0,2,0,0,0,0,1,7,0.0,1,0,1,1,0,0,0,0,1,6,0,1,-6.417417322406427,-6.417417322406427,blue
125,7.022232839643115,0.3614981536411305,-6.6607346860019865,0.0118632996792381,2.537895861339904e-10,0.0623034682902636,0.0,1.0,ENSMUST00000070877-0,ENSMUSG00000022244,0.0,1,0,0,0,0,1,3,0.0,1,0,0,0,0,0,0,0,1,2,0,0,-6.3973508503145355,-6.3973508503145355,blue
32,6.960550501257536,0.35504216623836,-6.605508335019183,0.012623459679765,2.583021289394975e-08,0.0675769177549944,0.0,1.0,53dd8e3e-ea73-48b3-bb82-c9b11b5e75a2-0,ENSMUSG00000040385,1.0,3,0,0,0,0,1,6,0.0,1,0,2,2,0,0,0,0,1,5,0,2,-6.307748829469626,-6.307748829469626,blue
121,7.009059036887413,0.7244863637489516,-6.284572673138464,0.0129089241824518,2.2902843584676608e-08,0.0675455610698724,0.0,1.0,ENSMUST00000066701,ENSMUSG00000064215,0.0,5,2,3,0,0,1,7,1.0,2,0,0,0,2,1,0,0,1,6,0,0,-6.275487416961859,-6.275487416961859,blue
89,7.218606013513303,0.3668648371530145,-6.851741176360283,0.013262534272413,9.180172778810712e-09,0.0715087205799544,0.0,1.0,ENSMUST00000026699-0,ENSMUSG00000025609,0.0,3,1,1,0,0,1,13,0.0,1,0,0,0,1,0,0,0,1,12,0,0,-6.236499710485663,-6.236499710485663,blue
136,6.4236350836545775,0.5083266209835026,-5.915308462671071,0.0140856731648605,2.406285201940036e-07,0.0671696536478567,0.0,1.0,ENSMUST00000079703,ENSMUSG00000059586,1.0,2,0,1,0,0,1,8,1.0,2,0,0,1,0,1,0,0,1,7,0,0,-6.149627676938767,-6.149627676938767,blue
124,6.677641299374877,0.7183117063103124,-5.959329593064568,0.0141430113720042,9.52484639190504e-08,0.055963405650265,0.0,1.0,ENSMUST00000070850,ENSMUSG00000056612,0.0,5,1,1,1,1,1,1,1.0,2,0,0,0,1,0,1,0,1,0,0,0,-6.143766854004861,-6.143766854004861,blue
90,7.135541873511222,0.3567118729407399,-6.778830000570475,0.0162246503577015,6.782792125509466e-08,0.0745648481375996,0.0,1.0,ENSMUST00000027401-0,ENSMUSG00000026201,0.0108352144469525,5,0,1,1,2,1,3,0.0,1,0,1,1,0,1,1,1,1,2,0,1,-5.945668801389775,-5.945668801389775,blue
135,6.135846426559811,0.8091895008926722,-5.326656925667139,0.0172564083139244,7.514198583368169e-07,0.0827636365944723,0.0,1.0,ENSMUST00000078830-0,ENSMUSG00000020458,0.0,3,0,2,0,0,1,9,0.0,1,0,0,0,0,2,0,0,1,8,0,0,-5.856723971312502,-5.856723971312502,blue
188,8.197586892764381,2.2125551156466448,-5.985031777117739,0.0172995087028104,9.356625516276695e-08,0.0855815618419056,0.0,1.0,ENSMUST00000139253-0,ENSMUSG00000074884,1.0,2,0,0,0,0,1,1,0.0,1,0,0,1,0,0,0,0,1,0,0,0,-5.853125123131431,-5.853125123131431,blue
210,6.258955006538969,1.2402228640242696,-5.018732142514698,0.0211330298944485,1.2696744829867417e-05,0.0818022223814952,0.0,1.0,ENSMUST00000168166-0,ENSMUSG00000007656,0.0,3,0,0,2,2,1,4,0.0,2,0,0,0,0,0,2,0,1,3,0,0,-5.564356564938007,-5.564356564938007,blue
70,5.909735958183409,0.7978552446421712,-5.11188071354124,0.0249211774900529,3.759059491580212e-07,0.1085548651756144,0.0,1.0,ENSMUST00000005292-0,ENSMUSG00000005161,0.1641104294478527,5,1,1,0,0,1,5,0.0,1,0,0,2,1,0,0,0,1,4,0,0,-5.326483954521661,-5.326483954521661,blue
202,5.704782869633184,0.6033490108442308,-5.101433858788953,0.0252345861380437,7.744759300492772e-06,0.1460878214676176,0.0,1.0,ENSMUST00000160853,ENSMUSG00000022553,0.0,4,0,1,0,0,1,7,0.0,1,0,0,0,0,1,0,0,1,6,0,0,-5.308453763985944,-5.308453763985944,blue
146,5.306652157339183,0.7737998608846501,-4.53285229645453,0.0256188646436399,4.293294368987812e-06,0.1084146045536122,0.0,1.0,ENSMUST00000102776,ENSMUSG00000020376,0.0,1,2,2,1,1,1,10,0.0,3,0,0,0,2,0,1,0,1,9,0,0,-5.286649648883807,-5.286649648883807,blue
211,8.093836139495432,2.919899158014477,-5.173936981480957,0.0287959107589405,1.3227828784881214e-06,0.1166038433391054,0.0,1.0,ENSMUST00000170828,ENSMUSG00000079435,0.7659574468085106,3,0,0,0,0,1,5,0.0,1,0,1,1,0,0,0,0,1,4,0,1,-5.117992237366404,-5.117992237366404,blue
165,5.066570722478638,0.6167231632869331,-4.449847559191704,0.0332543929649227,3.298461170776273e-05,0.1297776148697325,0.0,1.0,ENSMUST00000116304,ENSMUSG00000038642,0.0,1,1,1,0,0,1,7,1.0,2,0,0,0,1,0,0,0,1,6,0,0,-4.910311253970551,-4.910311253970551,blue
78,4.991955015440553,0.8130465758585502,-4.178908439582008,0.0382490370532954,4.176599355625836e-05,0.123505290831547,0.0,1.0,ENSMUST00000019302-0,ENSMUSG00000019158,1.0,2,0,0,0,0,1,2,0.0,2,0,0,1,0,0,0,0,1,1,0,0,-4.7084327623857165,-4.7084327623857165,blue
88,4.44085494507162,0.483096919411716,-3.957758025659903,0.0448873569050113,0.0001050779311542,0.1792861141464806,0.0,1.0,ENSMUST00000024270-0,ENSMUSG00000023505,1.0,2,0,0,0,0,1,5,0.0,2,0,1,1,0,0,0,0,1,4,0,1,-4.477547040999458,-4.477547040999458,blue
37,4.673987151906807,0.8086771195092857,-3.8653100323975256,0.0497268247959405,5.928185148317253e-06,0.1746611555156558,0.0,1.0,63e15ae2-83e0-410e-a9d3-c9ad372b92c4-0,ENSMUSG00000031818,0.0174442190669371,4,0,1,0,1,1,3,0.0,1,0,0,1,0,1,0,1,1,2,0,0,-4.3298318760158665,-4.3298318760158665,blue
208,4.575907776455344,0.8370358443047388,-3.738871932150608,0.0520905639282868,0.0004131677427921,0.1904053890570645,0.0,1.0,ENSMUST00000166176-0,ENSMUSG00000015536,0.8536585365853658,4,1,2,0,2,1,7,0.1656626506024096,3,0,1,2,1,1,0,2,1,6,0,1,-4.262834134100221,-4.262834134100221,blue
104,4.733892742199171,1.2506295773721672,-3.4832631648270063,0.0593375464837086,0.0002294415038099,0.1982804879430123,0.0,1.0,ENSMUST00000039161,ENSMUSG00000035443,0.0016943409013893,3,0,0,0,1,1,8,0.0,1,0,3,1,0,0,0,1,1,7,0,3,-4.074910914944502,-4.074910914944502,blue
225,4.424036899822169,0.815099921626807,-3.6089369781953673,0.0607922282598522,0.0001436130727284,0.2243845323504137,0.0,1.0,ENSMUST00000204293-0,ENSMUSG00000036371,0.0951008645533141,5,0,0,1,1,2,5,0.0,1,0,0,3,0,0,1,0,2,3,0,0,-4.03996928991561,-4.03996928991561,blue
226,4.424036899822169,0.815099921626807,-3.6089369781953673,0.0607922282598522,0.0001436130727284,0.2243845323504137,0.0,1.0,ENSMUST00000204293-0,ENSMUSG00000036371,0.0951008645533141,5,0,0,1,1,2,5,0.0,1,0,0,3,0,0,1,0,2,3,0,0,-4.03996928991561,-4.03996928991561,blue
151,7.119752559238229,3.5422790230635424,-3.5774735361746792,0.0696091342111321,4.7635284200303055e-06,0.2505977388835968,0.0025,0.9975,ENSMUST00000106152-0,ENSMUSG00000050212,1.0,3,0,0,0,0,1,2,0.0,1,0,1,2,0,0,0,0,1,1,0,1,-3.844579558751661,-3.844579558751661,blue
194,7.5445926064490365,3.8552015759289184,-3.6893910305201154,0.0757360775111262,0.0001553459628949,0.2947818530705549,0.005,0.995,ENSMUST00000150290-0,ENSMUSG00000050335,0.0,1,0,1,0,1,1,5,0.0,1,0,0,0,0,1,0,1,1,4,0,0,-3.7228754860304316,-3.7228754860304316,blue
38,4.451018405017479,1.3372378780981748,-3.113780526919302,0.0824472499901673,0.0007943559969862,0.2864075094911141,0.0,1.0,64297202-8470-4dd7-820d-5de26e40c228-0,ENSMUSG00000026150,0.0018724201029831,6,0,0,0,0,1,3,0.0,1,0,0,2,0,0,0,0,1,2,0,0,-3.6003848160842518,-3.6003848160842518,blue
109,3.476850195575975,0.4443078314473451,-3.032542364128631,0.0863499443200832,0.0014459964040519,0.2745994859652752,0.0,1.0,ENSMUST00000048915-0,ENSMUSG00000038374,0.0,1,0,0,1,1,1,5,0.0,2,0,0,0,0,0,1,0,1,4,0,0,-3.533660942294593,-3.533660942294593,blue
264,2.968538847729873,1.4781362133039684,-1.490402634425905,0.2975180967277446,0.0044405285543625,0.6948535728272207,0.0125,0.9875,c2fe5633-22a5-4d41-a9c4-e5f7543b06e9-0,ENSMUSG00000071172,1.0,3,0,1,0,0,1,1,0.0,1,0,2,2,0,1,0,0,1,0,0,2,-1.7489506709530411,-1.7489506709530411,blue
64,0.9985476341416836,0.3134537326038379,-0.6850939015378456,0.5331587106359706,0.2427084793873166,0.881861437120664,0.005,0.995,ENSMUST00000002180-0,ENSMUSG00000002111,1.0,2,0,0,0,0,1,4,0.0,1,0,0,1,0,0,0,0,1,3,0,0,-0.9073630366420691,-0.9073630366420691,blue
92,0.9719687446415566,0.2995992660029971,-0.6723694786385578,0.5370179349317719,0.2379668886240912,0.893846654135394,0.0075,0.9925,ENSMUST00000029024-0,ENSMUSG00000027519,0.0,1,2,2,0,0,1,3,0.0,1,0,0,0,2,0,0,0,1,2,0,0,-0.8969578237994863,-0.8969578237994863,blue
173,0.9807831036489828,0.3063388333510273,-0.6744442702979556,0.5390717915359486,0.2326508050939005,0.891504948883135,0.0075,0.9925,ENSMUST00000123087,ENSMUSG00000063714,0.0,1,0,0,0,0,1,1,1.0,2,0,0,0,0,0,0,0,1,0,0,0,-0.8914506764627622,-0.8914506764627622,blue
186,0.9793963886105876,0.3089632383625174,-0.67043315024807,0.5406139542917954,0.2606146943216946,0.9302562418582158,0.0025,0.9975,ENSMUST00000135454-0,ENSMUSG00000028608,0.0,3,0,1,1,1,1,1,1.0,2,0,0,0,0,1,1,0,1,0,0,0,-0.8873293437847326,-0.8873293437847326,blue
73,0.9625356478378492,0.3042652898909835,-0.6582703579468655,0.5410066449628783,0.2708895904435976,0.8490601789774068,0.0,1.0,ENSMUST00000008179,ENSMUSG00000008035,1.0,2,0,0,0,0,1,1,0.0,1,0,0,1,0,0,0,0,1,0,0,0,-0.8862817806945754,-0.8862817806945754,blue
168,0.9710753717763057,0.3025428164784795,-0.6685325552978272,0.5424235829972275,0.23734290469164,0.8861244026490647,0.0075,0.9925,ENSMUST00000120943,ENSMUSG00000024160,0.3189655172413793,3,0,0,0,1,1,1,0.0,1,0,0,1,0,0,0,1,1,0,0,0,-0.8825081908719429,-0.8825081908719429,blue
212,0.9609425715338076,0.30497530458792,-0.6559672669458869,0.5426281684031442,0.2038997261660126,0.8184311414152678,0.0,1.0,ENSMUST00000172785-0,ENSMUSG00000073411,0.1332362577357116,3,0,0,0,0,1,3,0.0,1,0,2,1,0,0,0,0,1,2,0,2,-0.8819641534955301,-0.8819641534955301,blue
74,0.9514503330806224,0.3050704011674262,-0.6463799319131976,0.5474342748368839,0.2852114093763023,0.8860337010319094,0.0025,0.9975,ENSMUST00000017453,ENSMUSG00000017309,0.0,1,1,2,0,0,1,5,1.0,2,0,0,0,1,1,0,0,1,4,0,0,-0.8692423302809591,-0.8692423302809591,blue
4,0.9565335990602224,0.3062039905361523,-0.6503296085240716,0.548156524037122,0.29189390065345,0.9216868253722432,0.005,0.995,0fd56850-3eaf-444f-8ec3-ad92f55571ca-0,ENSMUSG00000051154,0.0067567567567567,4,0,0,1,2,2,8,1.0,3,0,3,1,0,0,1,1,2,6,0,3,-0.8673401867224605,-0.8673401867224605,blue
5,0.9565335990602224,0.3062039905361523,-0.6503296085240716,0.548156524037122,0.29189390065345,0.9216868253722432,0.005,0.995,0fd56850-3eaf-444f-8ec3-ad92f55571ca-0,ENSMUSG00000051154,0.0067567567567567,4,0,0,1,2,2,8,1.0,3,0,3,1,0,0,1,1,2,6,0,3,-0.8673401867224605,-0.8673401867224605,blue
201,0.9534165481857048,0.3037519256557117,-0.6496646225299934,0.5488501592952719,0.2633492703373285,0.8805995299394496,0.0075,0.9925,ENSMUST00000160708-0,ENSMUSG00000004626,0.0,7,0,0,1,1,1,2,0.0,1,0,0,0,0,0,1,0,1,1,0,0,-0.8655157597692179,-0.8655157597692179,blue
153,0.9464741454309112,0.3037110993077512,-0.6427630461231598,0.551682719026552,0.2489897697030586,0.9044645793841252,0.0,1.0,ENSMUST00000106370-1,ENSMUSG00000090266,1.0,4,0,1,0,1,1,6,1.0,3,0,1,3,0,1,0,1,1,5,0,1,-0.8580893048552981,-0.8580893048552981,blue
224,0.944185604204736,0.3008285319796044,-0.643357072225131,0.5532038609381515,0.225668348743259,0.8591171992171952,0.0025,0.9975,ENSMUST00000203077,ENSMUSG00000036371,0.0806916426512968,5,0,0,0,0,1,8,1.0,2,0,0,2,0,0,0,0,1,7,0,0,-0.8541168694602591,-0.8541168694602591,blue
33,0.9589359144295528,0.3050545126512001,-0.6538814017783531,0.5532478845462689,0.2123594650640826,0.905792244094288,0.0075,0.9925,5466e6c8-e2b0-45f1-8b2d-eb655ddea338-0,ENSMUSG00000052337,0.0012059695492688,5,1,2,0,0,1,14,0.0,1,0,0,1,1,1,0,0,1,13,0,0,-0.8540020652830219,-0.8540020652830219,blue
97,0.9326947324077958,0.2991482240906948,-0.6335465083171011,0.5574967374270998,0.2414900195060471,0.8797916379037034,0.0075,0.9925,ENSMUST00000032840-0,ENSMUSG00000030611,1.0,4,1,1,1,1,1,6,1.0,2,0,0,3,1,0,1,0,1,5,0,0,-0.8429647327450324,-0.8429647327450324,blue
187,0.9749231257078566,0.427982160968142,-0.5469409647397144,0.6089868413695919,0.2846846010084802,0.9643525043994756,0.0275,0.9725,ENSMUST00000135573-0,ENSMUSG00000028691,0.1603498542274052,3,3,3,0,0,1,5,0.0,1,0,0,1,3,0,0,0,1,4,0,0,-0.7155170393270676,-0.7155170393270676,blue
198,1.0477471200378927,0.5079127385447323,-0.5398343814931603,0.6145911753083554,0.2399508556938953,0.9773950190651752,0.0375,0.9625,ENSMUST00000154208-1,ENSMUSG00000066026,0.5158069883527454,4,0,2,0,0,1,4,0.0,1,1,1,1,0,2,0,0,1,3,1,0,-0.7023010429422908,-0.7023010429422908,blue
81,0.9652770740370512,0.4250773027417468,-0.5401997712953035,0.614962800956433,0.2401910879281534,0.9347785822717056,0.0325,0.9675,ENSMUST00000020822,ENSMUSG00000020515,0.0,3,0,0,0,0,1,1,1.0,2,0,0,0,0,0,0,0,1,0,0,0,-0.7014289502871912,-0.7014289502871912,blue
258,0.8425785027884877,0.4616190195811142,-0.3809594832073743,0.7119023332680993,0.3166402844238145,1.0594124891417998,0.0675,0.9325,bc8a861b-321d-447e-b12f-d7d551c9262b-0,ENSMUSG00000036977,0.0,1,0,0,1,1,1,4,0.0,1,0,0,0,0,0,1,0,1,3,0,0,-0.4902487651769783,-0.4902487651769783,grey
293,0.9074129621163468,0.6030717367856249,-0.304341225330723,0.7788393001556265,0.3491405871035123,1.295382243299695,0.1825,0.8175,f6ce862e-6df2-44b3-a786-a1320ba92c58-0,ENSMUSG00000038811,0.8528077584858439,6,0,0,0,0,2,4,0.0,1,0,0,3,0,0,0,0,2,2,0,0,-0.36060241074041155,-0.36060241074041155,grey
294,0.9074129621163468,0.6030717367856249,-0.304341225330723,0.7788393001556265,0.3491405871035123,1.295382243299695,0.1825,0.8175,f6ce862e-6df2-44b3-a786-a1320ba92c58-0,ENSMUSG00000038811,0.8528077584858439,6,0,0,0,0,2,4,0.0,1,0,0,3,0,0,0,0,2,2,0,0,-0.36060241074041155,-0.36060241074041155,grey
200,1.128213033261844,0.833071987327451,-0.2951410459343937,0.8067065474828321,0.2081415259814246,1.4050833927276494,0.22,0.78,ENSMUST00000160337,ENSMUSG00000019923,1.0,2,1,1,0,0,1,9,0.0,2,0,0,1,1,0,0,0,1,8,0,0,-0.30988412954339756,-0.30988412954339756,grey
132,0.5653966329970876,0.3392772362510363,-0.2261193967460517,0.8144773716646496,0.4749967686920515,1.0967759405506414,0.1175,0.8825,ENSMUST00000074552,ENSMUSG00000008690,0.3863636363636363,3,0,0,0,0,1,5,0.0,1,0,0,1,0,0,0,0,1,4,0,0,-0.2960534774633741,-0.2960534774633741,grey
119,0.552924252873374,0.3308216963838399,-0.2221025564895341,0.814665285742042,0.5337042885266624,1.1081848601038211,0.1125,0.8875,ENSMUST00000065005-0,ENSMUSG00000002820,0.0,1,0,1,0,1,1,10,1.0,3,0,0,0,0,1,0,1,1,9,0,0,-0.2957206610491246,-0.2957206610491246,grey
147,0.5514410388692714,0.331481866971796,-0.2199591718974756,0.8173612736377283,0.5457223541988279,1.115132852210521,0.115,0.885,ENSMUST00000102944-1,ENSMUSG00000028466,0.3582887700534759,4,0,0,0,0,1,9,1.0,2,0,2,2,0,0,0,0,1,8,0,2,-0.29095420442130476,-0.29095420442130476,grey
181,0.5511128616357434,0.3350091077392192,-0.2161037538965241,0.8181962076945627,0.5005610305368254,1.0479406470760138,0.1,0.9,ENSMUST00000134306-0,ENSMUSG00000039958,1.0,4,1,1,1,1,1,3,1.0,2,0,0,3,1,0,1,0,1,2,0,0,-0.28948124447749596,-0.28948124447749596,grey
40,0.5505291689643337,0.3306784263206067,-0.2198507426437274,0.8185898640726933,0.5281697501141971,1.1582017802867046,0.11,0.89,67a1eb6c-d3e1-4a88-bf2c-29fb83a95926-0,ENSMUSG00000026547,1.0,2,0,0,0,0,1,4,0.0,1,0,2,1,0,0,0,0,1,3,0,2,-0.28878729170591555,-0.28878729170591555,grey
166,0.5585651856963895,0.3398885077540683,-0.2186766779423211,0.8187885946816693,0.5169234317274196,1.118777981813906,0.1,0.9,ENSMUST00000117449,ENSMUSG00000005078,0.0,3,0,0,0,0,1,6,1.0,2,0,0,0,0,0,0,0,1,5,0,0,-0.28843708841123133,-0.28843708841123133,grey
20,0.5508052455635849,0.3341878214416184,-0.2166174241219663,0.819111822103396,0.5421480757836501,1.084883292283595,0.12,0.88,3418e674-ac47-41da-b999-2df5df1f6fb3-0,ENSMUSG00000002014,0.0760233918128654,6,1,2,0,0,1,5,0.0,1,0,2,2,1,1,0,0,1,4,0,2,-0.28786767820817016,-0.28786767820817016,grey
229,0.5554625810799648,0.3348340820446913,-0.2206284990352731,0.8202528430128734,0.5050089275250904,1.1784566482266938,0.1425,0.8575,ENSMUST00000208737,ENSMUSG00000025156,0.005608524957936,6,0,0,0,0,1,8,0.0,1,0,2,1,0,0,0,0,1,7,0,2,-0.2858594057249345,-0.2858594057249345,grey
68,0.5509470651345463,0.3359979083495389,-0.2149491567850069,0.8202698459777351,0.5416431502825365,1.1138699201447726,0.1,0.9,ENSMUST00000004094-0,ENSMUSG00000003992,1.0,2,0,0,0,0,1,9,0.0,1,0,0,1,0,0,0,0,1,8,0,0,-0.28582950050844236,-0.28582950050844236,grey
99,0.5472655511750157,0.3322380956363741,-0.215027455538641,0.8205468267036435,0.5276593564363641,1.118967552109874,0.115,0.885,ENSMUST00000035142-0,ENSMUSG00000032547,0.0,2,0,0,0,0,1,8,0.0,2,0,0,0,0,0,0,0,1,7,0,0,-0.2853424275402813,-0.2853424275402813,grey
214,0.5481740859322115,0.3335077759647225,-0.2146663099674896,0.8207748875616412,0.5751901145223537,1.149168209792542,0.115,0.885,ENSMUST00000176047,ENSMUSG00000028710,0.0,2,2,2,0,0,1,9,1.0,2,0,0,0,2,0,0,0,1,8,0,0,-0.2849415039820149,-0.2849415039820149,grey
71,0.546636633319461,0.3309406635707392,-0.2156959697487217,0.8218339230199082,0.5483353561874225,1.183329244646966,0.125,0.875,ENSMUST00000005371,ENSMUSG00000059552,0.0,5,0,0,0,0,1,1,0.0,1,0,0,0,0,0,0,0,1,0,0,0,-0.28308121271166137,-0.28308121271166137,grey
122,0.5446601894836114,0.330361375163858,-0.2142988143197537,0.8219202228137682,0.5160227852212356,1.113640212125392,0.1225,0.8775,ENSMUST00000066778,ENSMUSG00000025178,0.0,2,0,0,0,0,1,10,1.0,2,1,1,0,0,0,0,0,1,9,1,0,-0.2829297249906278,-0.2829297249906278,grey
227,0.5546752581811497,0.3387575837667579,-0.2159176744143919,0.8227569754664609,0.5258794968005099,1.1451474799605343,0.14,0.86,ENSMUST00000206947,ENSMUSG00000034192,1.0,2,0,0,0,0,1,4,0.0,1,0,1,1,0,0,0,0,1,3,0,1,-0.28146174208442776,-0.28146174208442776,grey
161,0.5475763951905827,0.3389354612610949,-0.2086409339294884,0.8227633734656361,0.5602790416547426,1.0519741136470255,0.0825,0.9175,ENSMUST00000109733-0,ENSMUSG00000005161,0.4141104294478527,5,0,0,0,1,1,5,1.0,2,0,1,3,0,0,0,1,1,4,0,1,-0.28145052330893494,-0.28145052330893494,grey
112,0.8323748850390129,0.6062858513552584,-0.2260890336837551,0.8236479768260776,0.4548530367555475,1.2625134801598756,0.1775,0.8225,ENSMUST00000054173,ENSMUSG00000050860,0.0,1,0,0,0,0,1,1,0.0,1,0,0,0,0,0,0,0,1,0,0,0,-0.2799002266545255,-0.2799002266545255,grey
199,0.5484767113709046,0.3405712271225284,-0.2079054842483762,0.8254464519929298,0.5336589367856667,1.1290460921264642,0.1075,0.8925,ENSMUST00000159327,ENSMUSG00000022346,0.0,2,0,0,0,0,1,2,1.0,2,0,0,0,0,0,0,0,1,1,0,0,-0.2767534666052453,-0.2767534666052453,grey
137,0.5456063557208305,0.33456384046046,-0.2110425152603701,0.8255334377433573,0.5237013923529715,1.1372772110152811,0.14,0.86,ENSMUST00000080880-0,ENSMUSG00000022150,1.0,2,2,3,0,0,1,16,0.998316923335858,3,0,0,1,2,1,0,0,1,15,0,0,-0.27660144305648365,-0.27660144305648365,grey
79,0.5426879980425324,0.3349573117231079,-0.2077306863194247,0.8263200510975857,0.5593205278838473,1.1543034746322391,0.1225,0.8775,ENSMUST00000019631,ENSMUSG00000019487,0.0023447676943117,6,1,1,0,0,1,2,1.0,2,0,0,1,1,0,0,0,1,1,0,0,-0.2752274189330486,-0.2752274189330486,grey
197,0.5398630512743717,0.3314755953710572,-0.2083874559033143,0.8263352889353861,0.5343678705125592,1.111515797365809,0.1325,0.8675,ENSMUST00000154034-0,ENSMUSG00000061878,0.5740952380952381,4,0,0,0,0,1,4,0.0,1,0,0,2,0,0,0,0,1,3,0,0,-0.2752008150157082,-0.2752008150157082,grey
220,0.5447270736445765,0.3396417239747777,-0.2050853496697986,0.8265143281492918,0.5626009782648074,1.0997768115461484,0.11,0.89,ENSMUST00000184205-0,ENSMUSG00000028863,0.0006133625410733,3,1,2,0,0,1,9,1.0,3,0,0,1,1,1,0,0,1,8,0,0,-0.2748882651208275,-0.2748882651208275,grey
140,0.5543258005239484,0.3460964091075288,-0.2082293914164188,0.8274679988484422,0.5541850161862204,1.15661705306544,0.165,0.835,ENSMUST00000090174-0,ENSMUSG00000068580,0.0057034220532319,3,0,1,0,1,1,11,1.0,2,0,4,1,0,1,0,1,1,10,0,4,-0.27322457607370965,-0.27322457607370965,grey
144,0.535637549579348,0.3327302187988782,-0.2029073307804699,0.8293317686922483,0.5410502684779498,1.0886944890352015,0.1075,0.8925,ENSMUST00000102541,ENSMUSG00000028671,0.0,3,0,0,0,0,1,7,0.0,1,0,1,0,0,0,0,0,1,6,0,1,-0.26997873707988757,-0.26997873707988757,grey
228,0.5413159844356995,0.4022985323707159,-0.1390174520649832,0.8895363058146363,0.5281478477598862,1.2519140505686708,0.255,0.745,ENSMUST00000208454,ENSMUSG00000046096,0.0,3,0,0,0,1,1,3,0.0,2,0,0,0,0,0,0,1,1,2,0,0,-0.16887460558399287,-0.16887460558399287,grey
34,0.5931933189122138,0.565641448196882,-0.0275518707153318,1.0004964995307386,0.5356479890712763,1.4805201376584232,0.465,0.535,55e29b4f-78b8-459e-a8f3-d3ad77959436-0,ENSMUSG00000003352,0.0,2,1,1,0,0,1,9,0.0,1,0,0,0,1,0,0,0,1,8,0,0,0.0007161196489727901,0.0007161196489727901,grey
269,0.4096424960556553,0.3990002198248461,-0.0106422762308093,1.001727955778358,0.7106821367627563,1.3051289398624513,0.4975,0.5025,cc940044-dea8-4970-8451-d2acb525b011-0,ENSMUSG00000000738,0.0115665869779215,4,0,0,0,1,1,14,0.0,2,0,0,1,0,0,0,1,1,13,0,0,0.002490761888328535,0.002490761888328535,grey
285,0.4137617639154862,0.4004829996346496,-0.0132787642808363,1.0036746527941147,0.6756619077700183,1.3629054033359085,0.4775,0.5225,e6367202-b31e-4234-8200-a97e863db4e6-0,ENSMUSG00000097101,0.0,1,0,0,0,0,1,2,0.0,2,0,0,0,0,0,0,0,1,1,0,0,0.005291686750893509,0.005291686750893509,grey
16,0.4147433195136266,0.4016941181694834,-0.0130492013441433,1.0043292496836145,0.6696418569217355,1.4020741631824023,0.4875,0.5125,30f46cca-070e-4998-894e-f76389d0b972-0,ENSMUSG00000040767,0.0278677900194426,3,0,0,0,0,1,3,0.0,1,0,2,1,0,0,0,0,1,2,0,2,0.006232306157609987,0.006232306157609987,grey
83,0.4165065620740864,0.4058371682008747,-0.0106693938732114,1.0046482485277517,0.6677052115042102,1.3455089967126963,0.48,0.52,ENSMUST00000021689,ENSMUSG00000021262,3.2445936957544495e-05,3,1,1,1,1,1,2,1.0,2,0,0,1,1,0,1,0,1,1,0,0,0.006690467640019498,0.006690467640019498,grey
24,0.4096997547791466,0.4005141990430019,-0.0091855557361449,1.0061836162243525,0.6510750326790776,1.3359901190231689,0.51,0.49,4012ad9c-1fde-4954-ae67-ed4e303cea6e-0,ENSMUSG00000002379,1.0,4,0,0,0,0,1,1,1.0,2,0,0,3,0,0,0,0,1,0,0,0,0.008893603398032163,0.008893603398032163,grey
128,0.4137600187522368,0.4097422259084501,-0.0040177928437861,1.0091047820268046,0.671336648276359,1.2960527762724403,0.4875,0.5125,ENSMUST00000071361,ENSMUSG00000064264,0.0,3,0,0,0,0,2,2,0.0,1,0,0,0,0,0,0,0,2,0,0,0,0.013075986794875084,0.013075986794875084,grey
127,0.4137600187522368,0.4097422259084501,-0.0040177928437861,1.0091047820268046,0.671336648276359,1.2960527762724403,0.4875,0.5125,ENSMUST00000071361,ENSMUSG00000064264,0.0,3,0,0,0,0,2,2,0.0,1,0,0,0,0,0,0,0,2,0,0,0,0.013075986794875084,0.013075986794875084,grey
267,0.4126940800790448,0.4047867491196805,-0.0079073309593639,1.0092053880258662,0.6863778856105921,1.3881025198751855,0.515,0.485,c9535430-ab7f-4f0f-9e77-08f3d7bd64a2-0,ENSMUSG00000043411,0.0,4,0,1,0,0,1,19,0.0,2,0,0,0,0,1,0,0,1,18,0,0,0.01321981382226033,0.01321981382226033,grey
77,0.4010884426065461,0.3985308346665267,-0.0025576079400187,1.010636384782329,0.714549964694318,1.3293843060150097,0.525,0.475,ENSMUST00000018743,ENSMUSG00000018599,0.0,2,0,0,0,0,1,2,0.0,1,0,0,0,0,0,0,0,1,1,0,0,0.015264025697942578,0.015264025697942578,grey
209,0.4048944168939324,0.4041683355737671,-0.0007260813201651,1.0111577795682165,0.7228674735494881,1.294268290876469,0.4825,0.5175,ENSMUST00000167020-0,ENSMUSG00000024283,0.007309292942096,4,1,1,0,1,1,14,0.0,2,0,0,1,1,0,0,1,1,13,0,0,0.016008130811988604,0.016008130811988604,grey
164,0.4058060736284095,0.4058106892179822,4.615589572470186e-06,1.0115681906925813,0.764525092701785,1.3558416761431396,0.5175,0.4825,ENSMUST00000112859-0,ENSMUSG00000059689,0.0,5,0,0,0,1,1,1,1.0,2,0,0,0,0,0,0,1,1,0,0,0,0.01659357650327585,0.01659357650327585,grey
138,0.4088242875501414,0.407117985499984,-0.001706302050157,1.011666114079553,0.7281770148263647,1.347323279649437,0.4875,0.5125,ENSMUST00000081834-0,ENSMUSG00000049047,1.0,2,0,0,1,1,1,4,0.0,1,0,0,1,0,0,1,0,1,3,0,0,0.016733227738477175,0.016733227738477175,grey
126,0.4063541733093216,0.4060001212798483,-0.0003540520294728,1.012326888040579,0.7042971025630638,1.2963865878900018,0.5025,0.4975,ENSMUST00000071361-0,ENSMUSG00000064264,1.0,3,0,0,0,0,1,1,0.0,1,0,0,2,0,0,0,0,1,0,0,0,0.017675222448528326,0.017675222448528326,grey
117,0.586248806877881,0.574640200316231,-0.0116086065616498,1.013371484945769,0.5252629792738333,1.4403795043122651,0.4775,0.5225,ENSMUST00000062172-0,ENSMUSG00000047040,0.0,1,0,0,0,0,1,1,0.0,1,0,0,0,0,0,0,0,1,0,0,0,0.019163138841733963,0.019163138841733963,grey
3,0.4032632077149087,0.4050388951832439,0.0017756874683352,1.015240680756382,0.7474576796884792,1.3430549341377307,0.4925,0.5075,09b76b4e-66ad-4297-81a0-b24e419617a9-0,ENSMUSG00000039530,1.0,3,1,2,0,0,1,10,0.0,2,0,0,2,1,1,0,0,1,9,0,0,0.0218217843287151,0.0218217843287151,grey
84,0.4145129203344724,0.4163193086412303,0.0018063883067579,1.0153446574861131,0.6979847590951674,1.3527552394738098,0.51,0.49,ENSMUST00000023159,ENSMUSG00000022517,0.0,3,0,1,0,0,1,16,0.0,1,0,0,0,0,1,0,0,1,15,0,0,0.02196953159119833,0.02196953159119833,grey
234,0.4129835450246445,0.411554473585771,-0.0014290714388731,1.0154251396014171,0.7027192953452145,1.418996326136902,0.4825,0.5175,ENSMUST00000221715-0,ENSMUSG00000017843,1.0,3,2,3,1,2,1,14,0.0,4,0,0,2,2,1,1,1,1,13,0,0,0.02208388344817062,0.02208388344817062,grey
26,0.4124450315371422,0.4143108881720335,0.0018658566348913,1.0165901276647398,0.715890572498101,1.3812565542037154,0.5075,0.4925,46931e1c-2c52-46be-8223-b2ec6662d532-0,ENSMUSG00000039745,0.0,2,0,0,1,1,1,5,1.0,2,0,0,0,0,0,1,0,1,4,0,0,0.023738125631162014,0.023738125631162014,grey
130,0.4023051075262993,0.4059395953157906,0.0036344877894916,1.017564164395227,0.7281485588940032,1.351847583254706,0.525,0.475,ENSMUST00000072841,ENSMUSG00000060600,0.0,2,0,0,0,0,1,12,0.0,1,0,0,0,0,0,0,0,1,11,0,0,0.02511976917079362,0.02511976917079362,grey
75,0.4053614236140886,0.4097027604552855,0.0043413368411969,1.0178220656517731,0.7108129278706259,1.3477890875822722,0.5175,0.4825,ENSMUST00000017572,ENSMUSG00000017428,0.0,3,0,0,0,0,1,14,1.0,2,0,1,0,0,0,0,0,1,13,0,1,0.025485373359676156,0.025485373359676156,grey
53,0.4093248715028206,0.4134679373793122,0.0041430658764917,1.019000613069354,0.6981569809644758,1.3586725289573696,0.5125,0.4875,8b7b7b7e-1933-4425-9885-bb0e7af5aac8-0,ENSMUSG00000022553,0.559322033898305,4,0,0,0,0,1,7,0.0,1,0,4,2,0,0,0,0,1,6,0,4,0.02715491948395326,0.02715491948395326,grey
245,0.4035440941195667,0.4144869452263002,0.0109428511067335,1.0218524067735466,0.7533772519694522,1.3552153698803715,0.535,0.465,a0103675-9eec-48b2-8213-e5e5a2e1f48a-0,ENSMUSG00000032114,0.1865558912386707,3,0,0,0,2,1,7,1.0,2,0,0,1,0,0,0,2,1,6,0,0,0.031186832877533967,0.031186832877533967,grey
288,0.4046186740232729,0.4112139581657254,0.0065952841424524,1.0220318674514308,0.7228543312866059,1.425099251771092,0.5275,0.4725,ea5e7059-ae7b-42e6-bcce-6fbba39e3668-0,ENSMUSG00000015656,0.1748413156376226,5,1,2,0,0,1,8,1.0,2,0,4,1,1,1,0,0,1,7,0,4,0.03144018091093145,0.03144018091093145,grey
102,0.4078728430257362,0.4141800451011352,0.0063072020753994,1.0222488846998743,0.672139905501672,1.3879949608617277,0.4825,0.5175,ENSMUST00000037534,ENSMUSG00000040746,0.0,3,0,1,0,0,1,9,0.0,1,0,0,0,0,1,0,0,1,8,0,0,0.0317464888473178,0.0317464888473178,grey
100,0.4044941820049907,0.4152749694630609,0.0107807874580706,1.0233805598783097,0.7421433200902324,1.349977483501096,0.5125,0.4875,ENSMUST00000035579,ENSMUSG00000032898,0.0,1,0,0,0,0,1,3,1.0,2,0,0,0,0,0,0,0,1,2,0,0,0.03334273330763377,0.03334273330763377,grey
87,0.401685045644568,0.4085039691515788,0.0068189235070104,1.0246014529440932,0.7004922269180283,1.446123782017284,0.5075,0.4925,ENSMUST00000023761,ENSMUSG00000023020,0.0,2,0,0,0,0,1,1,1.0,2,0,0,0,0,0,0,0,1,0,0,0,0.0350628427315361,0.0350628427315361,grey
10,0.5589766859993798,0.5946309948024083,0.0356543088030279,1.061612849810554,0.6720172528815741,1.5460400936731609,0.5525,0.4475,28f7ede2-725a-472a-b5a8-6fdfa33fc15f-0,ENSMUSG00000032397,0.0,2,0,0,1,1,1,7,0.0,1,0,0,0,0,0,1,0,1,6,0,0,0.08625773837327551,0.08625773837327551,grey
190,0.4305052844836002,0.5239049457409127,0.0933996612573124,1.1174722986705945,0.708877640563576,1.5316079369292035,0.6775,0.3225,ENSMUST00000144355,ENSMUSG00000026201,0.0,5,0,0,1,3,1,7,0.1535217207929143,3,0,0,0,0,0,1,2,1,6,0,0,0.160239068486086,0.160239068486086,grey
44,0.4257046794179122,0.5362660951879168,0.1105614157700039,1.1408929499886382,0.7575224257285789,1.669209554063298,0.71,0.29,77ff9835-8ad1-42b7-ba53-0bc95268b872-0,ENSMUSG00000019087,0.0186086458631548,4,0,1,0,1,1,10,0.0,1,0,0,2,0,1,0,1,1,9,0,0,0.19016342986860083,0.19016342986860083,grey
249,0.424929311508078,0.5846473871683024,0.1597180756602245,1.1934937929367733,0.7839611045815655,1.6614248412267452,0.8225,0.1775,a67c21cb-3536-4a8f-8f5d-ba109dfede9b-0,ENSMUSG00000035203,0.0014204545454545,5,1,2,1,1,1,10,0.0,1,0,0,1,1,1,1,0,1,9,0,0,0.2551910633425033,0.2551910633425033,grey
152,0.914793590272741,1.0612656676077434,0.1464720773350026,1.237503518138405,0.5311543702334174,2.110773759977238,0.635,0.365,ENSMUST00000106357,ENSMUSG00000042675,1.0,4,1,1,0,0,1,5,1.0,2,1,1,3,1,0,0,0,1,4,1,0,0.30743262668203747,0.30743262668203747,grey
101,0.3381226101367119,0.536643583578672,0.1985209734419602,1.245783672454729,0.8419416543870395,1.7828148005611404,0.83,0.17,ENSMUST00000035748,ENSMUSG00000033460,0.0200927357032457,5,1,1,1,1,1,6,1.0,2,0,1,2,1,0,1,0,1,5,0,1,0.3170535693470893,0.3170535693470893,grey
259,0.3323277775644417,0.5364635821910081,0.2041358046265662,1.2520511159079384,0.7097226238255255,1.7372624446493297,0.835,0.165,bd22d6a8-32e4-4f13-96ff-85900580b57f-0,ENSMUSG00000029003,0.0,5,1,1,0,0,2,8,1.0,2,0,0,0,1,0,0,0,2,6,0,0,0.32429346255929536,0.32429346255929536,grey
260,0.3323277775644417,0.5364635821910081,0.2041358046265662,1.2520511159079384,0.7097226238255255,1.7372624446493297,0.835,0.165,bd22d6a8-32e4-4f13-96ff-85900580b57f-0,ENSMUSG00000029003,0.0,5,1,1,0,0,2,8,1.0,2,0,0,0,1,0,0,0,2,6,0,0,0.32429346255929536,0.32429346255929536,grey
180,0.3222122196301423,0.5314228722520136,0.2092106526218707,1.2554515188068458,0.8758966117421757,1.7925479612031945,0.8625,0.1375,ENSMUST00000132163-0,ENSMUSG00000038797,0.0,2,0,0,1,2,1,3,1.0,2,0,0,0,0,0,1,1,1,2,0,0,0.3282063177950664,0.3282063177950664,grey
157,0.3495617288918947,0.5552368936157314,0.2056751647238369,1.2566013549565065,0.7798349638817419,1.7860930104611956,0.835,0.165,ENSMUST00000108785-0,ENSMUSG00000036860,1.0,5,0,0,1,1,1,3,0.0,2,0,1,4,0,0,1,0,1,2,0,1,0.32952704081338186,0.32952704081338186,grey
205,0.3393678281369024,0.5509669481113386,0.2115991199744364,1.2570274879748435,0.8583076284765428,1.7090562010331656,0.875,0.125,ENSMUST00000162244-0,ENSMUSG00000029625,1.0,2,0,0,0,0,1,2,1.0,2,0,1,1,0,0,0,0,1,1,0,1,0.3300161981525271,0.3300161981525271,grey
246,0.3506866817484768,0.56425703467845,0.2135703529299738,1.2583566333738796,0.8624415089044436,1.7579488314899392,0.8925,0.1075,a27d9ce2-63c1-435f-9d81-f83aab8a1c68-0,ENSMUSG00000005442,0.7931488801054019,6,0,0,0,0,2,7,0.0,1,0,0,3,0,0,0,0,2,5,0,0,0.33154085725966204,0.33154085725966204,grey
247,0.3506866817484768,0.56425703467845,0.2135703529299738,1.2583566333738796,0.8624415089044436,1.7579488314899392,0.8925,0.1075,a27d9ce2-63c1-435f-9d81-f83aab8a1c68-0,ENSMUSG00000005442,0.7931488801054019,6,0,0,0,0,2,7,0.0,1,0,0,3,0,0,0,0,2,5,0,0,0.33154085725966204,0.33154085725966204,grey
13,0.3323292347552029,0.5450682682365616,0.2127390334813587,1.259516513087136,0.8410613830785516,1.7489228827192915,0.9,0.1,2bed6579-2230-4ec2-9c5e-5c1feda1bdc8-0,ENSMUSG00000028392,0.0,3,1,1,0,0,1,1,0.0,1,0,0,0,1,0,0,0,1,0,0,0,0.3328700368738614,0.3328700368738614,grey
0,0.3358154585094162,0.5510483421285772,0.2152328836191616,1.2599995728000462,0.9165720897260828,1.7428731038038277,0.91,0.09,04b6a50b-5204-4540-ac04-50dd850333c4-0,ENSMUSG00000022678,1.0,2,1,1,0,0,1,1,1.0,2,0,0,1,1,0,0,0,1,0,0,0,0.33342324458284306,0.33342324458284306,grey
14,0.3343405744502741,0.543788922551292,0.2094483481010173,1.2601630146676015,0.8077126892413211,1.8606582165614625,0.8675,0.1325,2deba64e-5ce0-4e65-a2ca-f1cacf7a3292-0,ENSMUSG00000057375,1.0,2,1,2,0,0,1,4,0.0,1,0,0,1,1,1,0,0,1,3,0,0,0.33361037280488626,0.33361037280488626,grey
82,0.335631361136371,0.5506220432026706,0.2149906820662999,1.260578125279703,0.8427955394408161,1.6886114938399177,0.8925,0.1075,ENSMUST00000021307-0,ENSMUSG00000020930,0.0,1,1,1,0,0,1,1,0.0,2,0,0,0,1,0,0,0,1,0,0,0,0.33408553308011024,0.33408553308011024,grey
272,0.3298883260128704,0.5392284323570986,0.2093401063442279,1.2606336877589086,0.8811097844380346,1.877952878746391,0.8525,0.1475,d1fd9ed1-fa04-492c-aac4-4ef11c19b8de-0,ENSMUSG00000003299,0.043202343177935,4,0,0,1,1,1,4,0.0,1,0,3,1,0,0,1,0,1,3,0,3,0.33414912132192937,0.33414912132192937,grey
52,0.3401970496165246,0.555354297067522,0.2151572474509971,1.2611428602563608,0.8922097528724271,1.7709986951374517,0.9025,0.0975,876bb99d-cbb7-4dc9-bde3-a3fd5fd90366-0,ENSMUSG00000027411,0.001567870710969,4,1,1,0,0,1,7,0.0,2,0,0,1,1,0,0,0,1,6,0,0,0.3347317111216417,0.3347317111216417,grey
141,0.333932299195681,0.548187542762512,0.2142552435668307,1.261704887089323,0.8967217740332115,1.8100383005100007,0.905,0.095,ENSMUST00000090554,ENSMUSG00000068735,1.0,2,0,1,1,1,1,6,0.0,2,0,0,1,0,1,1,0,1,5,0,0,0.33537450325131163,0.33537450325131163,grey
289,0.3389654512510446,0.5491955730058664,0.2102301217548211,1.2618913321429623,0.8036828660392604,1.8014319435200832,0.855,0.145,ef75b5e6-a346-4e57-82f5-d49ce56e4545-0,ENSMUSG00000029070,0.1366120218579235,4,0,0,0,0,1,8,0.0,1,0,6,2,0,0,0,0,1,7,0,6,0.33558767788893645,0.33558767788893645,grey
252,0.3406212819616824,0.5533349196948315,0.2127136377331494,1.2623074317532348,0.7832185784446565,1.765471708045775,0.8675,0.1325,a9b1065e-838c-4f4b-a011-7c4c46910e7d-0,ENSMUSG00000032456,1.0,2,2,2,0,1,1,5,0.0,2,0,0,1,2,0,0,1,1,4,0,0,0.3360633178094368,0.3360633178094368,grey
159,0.3385994174625806,0.5500765183563393,0.2114771008937582,1.264500498201241,0.8115544721157237,1.787467756195515,0.83,0.17,ENSMUST00000109566-0,ENSMUSG00000061689,0.0002938439688525,6,0,0,0,0,1,5,1.0,2,0,0,1,0,0,0,0,1,4,0,0,0.33856760540946956,0.33856760540946956,grey
185,0.3347408433170551,0.5450187163975225,0.2102778730804675,1.265363057230467,0.7759699610536382,1.8361750837304427,0.85,0.15,ENSMUST00000135174,ENSMUSG00000043505,0.0,2,0,0,0,0,2,2,1.0,2,0,0,0,0,0,0,0,2,0,0,0,0.33955138153406433,0.33955138153406433,grey
184,0.3347408433170551,0.5450187163975225,0.2102778730804675,1.265363057230467,0.7759699610536382,1.8361750837304427,0.85,0.15,ENSMUST00000135174,ENSMUSG00000043505,0.0,2,0,0,0,0,2,2,1.0,2,0,0,0,0,0,0,0,2,0,0,0,0.33955138153406433,0.33955138153406433,grey
219,0.3308009228920496,0.5494680371744789,0.2186671142824295,1.2654841903627696,0.8470121317405643,1.7452468777837096,0.9125,0.0875,ENSMUST00000181253,ENSMUSG00000097451,0.8720933852140078,3,0,0,0,0,1,1,0.0,2,0,0,1,0,0,0,0,1,0,0,0,0.339689484036742,0.339689484036742,grey
56,0.3330363604549916,0.5508178618816746,0.2177815014266829,1.2656388106668366,0.8881103717416227,1.765087926266302,0.8925,0.1075,943af799-4ab7-4a21-be1c-7ce068ebf74f-0,ENSMUSG00000027937,1.0,3,1,1,0,0,1,1,0.0,1,1,1,2,1,0,0,0,1,0,1,0,0.3398657456771956,0.3398657456771956,grey
11,0.3339240199865008,0.5504515907615544,0.2165275707750537,1.2657483644476997,0.7996536058799072,1.8091461573896912,0.88,0.12,2a5a478f-afb1-412d-9533-4f95684564e7-0,ENSMUSG00000038712,0.5082229113805093,7,0,0,0,0,1,2,0.0,1,0,0,4,0,0,0,0,1,1,0,0,0.3399906200528061,0.3399906200528061,grey
236,0.3324633741470996,0.5485523650096179,0.2160889908625187,1.2662720459976775,0.8499253169399335,1.8033395199393905,0.8925,0.1075,ENSMUST00000223728-0,ENSMUSG00000015176,0.0,2,0,0,0,0,1,9,0.0,1,0,0,0,0,0,0,0,1,8,0,0,0.3405873867951388,0.3405873867951388,grey
131,0.3385735294554221,0.5574578746180129,0.2188843451625915,1.2677354453630465,0.8648752625744215,1.744415316972627,0.8925,0.1075,ENSMUST00000073660,ENSMUSG00000061981,1.0,2,0,0,0,0,1,8,1.0,2,0,1,1,0,0,0,0,1,7,0,1,0.34225371118381004,0.34225371118381004,grey
222,0.3337840110591762,0.5499777266866979,0.2161937156275214,1.2677612083096264,0.8763187365383959,1.8757950194668749,0.8725,0.1275,ENSMUST00000186255-0,ENSMUSG00000026238,1.0,2,0,0,0,0,2,4,0.0,1,0,1,1,0,0,0,0,2,2,0,1,0.34228302936509564,0.34228302936509564,grey
221,0.3337840110591762,0.5499777266866979,0.2161937156275214,1.2677612083096264,0.8763187365383959,1.8757950194668749,0.8725,0.1275,ENSMUST00000186255-0,ENSMUSG00000026238,1.0,2,0,0,0,0,2,4,0.0,1,0,1,1,0,0,0,0,2,2,0,1,0.34228302936509564,0.34228302936509564,grey
215,0.3396207197312285,0.5555013699278616,0.2158806501966332,1.2679982648904105,0.7555140224508786,1.7345129400008847,0.885,0.115,ENSMUST00000176896-0,ENSMUSG00000032336,1.0,3,1,2,1,2,1,2,1.0,2,0,0,2,1,1,1,1,1,1,0,0,0.34255277131666334,0.34255277131666334,grey
36,0.3376969874344183,0.5592143758241824,0.221517388389764,1.2713335267919188,0.8164398470082538,1.7263340598355317,0.9,0.1,5fbcb1e3-5afb-42d8-99a4-c81ee1a05cf6-0,ENSMUSG00000039221,0.0696142991533396,5,0,0,0,0,1,4,1.0,2,0,3,2,0,0,0,0,1,3,0,3,0.3463425624641648,0.3463425624641648,grey
298,0.3351386607729198,0.562534560678854,0.2273958999059341,1.2755383226057213,0.8810378910962898,1.7514483044298756,0.915,0.085,fdb82140-0470-452c-95c4-7d4388fc0ec9-0,ENSMUSG00000000600,0.0,1,0,0,0,0,1,17,0.0,1,0,0,0,0,0,0,0,1,16,0,0,0.3511062442972482,0.3511062442972482,grey
145,0.3313848480453595,0.5568575867383586,0.2254727386929988,1.2767348320027956,0.8721242929842006,1.86810227387492,0.9125,0.0875,ENSMUST00000102544-0,ENSMUSG00000028676,0.063731170336037,4,0,1,0,0,1,2,0.0,2,0,0,2,0,1,0,0,1,1,0,0,0.35245891949729685,0.35245891949729685,grey
172,0.3318256122311291,0.5592187418779225,0.2273931296467926,1.277186828278401,0.883043114980703,1.7944958980282977,0.915,0.085,ENSMUST00000122334,ENSMUSG00000028013,0.0005916868004536,3,2,2,0,0,1,1,1.0,2,0,0,1,2,0,0,0,1,0,0,0,0.35296957947740965,0.35296957947740965,grey
54,0.3366382963853137,0.5628376680430611,0.2261993716577476,1.2779070286001066,0.8693682604041345,1.809490415704589,0.88,0.12,93258da5-f90e-459b-b546-c451d23a0a6a-0,ENSMUSG00000053819,0.0,1,0,0,0,0,1,7,0.0,2,0,0,0,0,0,0,0,1,6,0,0,0.3537828799025907,0.3537828799025907,grey
256,0.6535259025712027,0.8589918968993989,0.2054659943281968,1.2784265458553037,0.6885552508050783,2.062275992087582,0.7925,0.2075,b360ae9a-1b16-49ad-afeb-9761ec868d43-0,ENSMUSG00000026921,0.9358038048868452,10,0,0,0,1,1,3,0.0,1,2,2,7,0,0,0,1,1,2,2,0,0.35436927049381645,0.35436927049381645,grey
273,0.3361914680659542,0.5608254443308598,0.2246339762649053,1.279612137666586,0.8489629177819923,1.9246012730716608,0.865,0.135,d21e0514-538c-481f-aaeb-1aaf05b3155f-0,ENSMUSG00000029003,0.0,5,0,1,0,0,1,8,1.0,2,0,0,0,0,1,0,0,1,7,0,0,0.3557065822085674,0.3557065822085674,grey
1,0.334349729401533,0.5652161224322836,0.2308663930307504,1.286410555266192,0.8356576802295803,1.836557531742005,0.905,0.095,04c44ace-42d3-4162-bedb-e8e15edac216-0,ENSMUSG00000026096,1.0,3,1,2,0,0,1,6,0.0,1,0,0,2,1,1,0,0,1,5,0,0,0.36335114929094975,0.36335114929094975,grey
118,0.8937249023082843,1.1206165551308953,0.2268916528226122,1.3465861442896123,0.4848289838981064,2.4487063317947904,0.71,0.29,ENSMUST00000064200,ENSMUSG00000052369,0.0,2,0,0,0,1,1,8,0.0,1,0,0,0,0,0,0,1,1,7,0,0,0.429306525394059,0.429306525394059,grey
129,0.6454346441505949,0.9090323791983832,0.2635977350477885,1.374501214098377,0.6916086717951757,2.3401150390051866,0.795,0.205,ENSMUST00000071926-0,ENSMUSG00000063200,0.0,3,1,1,0,0,1,8,0.0,2,0,0,0,1,0,0,0,1,7,0,0,0.4589081811854854,0.4589081811854854,grey
143,0.6346776149412129,0.9071617754687794,0.2724841605275673,1.4004989921812423,0.5655259723368177,2.485189824904739,0.7925,0.2075,ENSMUST00000099484,ENSMUSG00000066613,0.0,3,0,0,0,1,1,4,0.0,2,0,0,0,0,0,0,1,1,3,0,0,0.4859409452291655,0.4859409452291655,grey
232,0.6160354832179821,0.9156023717057068,0.2995668884877249,1.4156110412109684,0.7230586548714183,2.2596932848641105,0.8625,0.1375,ENSMUST00000217381,ENSMUSG00000066705,0.0,1,0,0,0,0,1,6,1.0,2,0,0,0,0,0,0,0,1,5,0,0,0.5014249193752081,0.5014249193752081,grey
192,0.6257287784173896,0.936653927491778,0.3109251490743882,1.4240262418288596,0.7735531153757673,2.3068164640798066,0.8575,0.1425,ENSMUST00000147117-0,ENSMUSG00000022884,0.1158121190390821,7,0,1,1,1,2,10,0.0,1,0,2,2,0,1,1,0,2,8,0,2,0.509975732405102,0.509975732405102,grey
191,0.6257287784173896,0.936653927491778,0.3109251490743882,1.4240262418288596,0.7735531153757673,2.3068164640798066,0.8575,0.1425,ENSMUST00000147117-0,ENSMUSG00000022884,0.1158121190390821,7,0,1,1,1,2,10,0.0,1,0,2,2,0,1,1,0,2,8,0,2,0.509975732405102,0.509975732405102,grey
115,0.6065814764336167,0.9191793550428292,0.3125978786092125,1.439059528836099,0.6433113725434022,2.4584007631339926,0.855,0.145,ENSMUST00000057934-0,ENSMUSG00000001472,0.6893203883495146,3,1,1,0,0,1,19,0.0,2,0,0,1,1,0,0,0,1,18,0,0,0.5251262725370629,0.5251262725370629,grey
51,0.6363419810573828,0.9526185453545816,0.3162765642971998,1.447451744368146,0.7133632772901172,2.523394252679406,0.83,0.17,86f8b912-86b3-4201-9d12-041c8920cc2b-0,ENSMUSG00000022884,0.1158121190390821,7,1,1,1,1,1,10,0.0,1,0,2,2,1,0,1,0,1,9,0,2,0.5335152519649543,0.5335152519649543,grey
296,0.6083494301666313,1.007870991089653,0.3995215609230217,1.584395975735067,0.6657570832688866,2.675533412287864,0.8875,0.1125,fa48b0b0-b765-44ea-809d-fdcb36ee5f3c-0,ENSMUSG00000084786,0.8723157283807312,5,0,2,1,1,1,2,0.0,1,0,1,2,0,2,1,0,1,1,0,1,0.6639329420062462,0.6639329420062462,grey
123,0.4648270392279288,0.8842850037143926,0.4194579644864631,1.5997268519002008,0.8482478682094176,2.807415190025561,0.94,0.06,ENSMUST00000068952-0,ENSMUSG00000028173,1.0,2,0,0,0,1,1,13,0.0,2,0,0,1,0,0,0,1,1,12,0,0,0.6778255907063115,0.6778255907063115,grey
41,0.4603495737869812,0.8881909683594107,0.4278413945724287,1.6121412927213288,0.7940967505649419,2.6224164657223445,0.935,0.065,6c2857e8-762e-4b32-9b8b-d50e9bec78c0-0,ENSMUSG00000005699,0.0060483870967741,4,0,0,1,1,1,1,0.0,1,0,0,1,0,0,1,0,1,0,0,0,0.6889781913692608,0.6889781913692608,grey
76,0.4701387291885713,0.9056308710543608,0.43549214186579,1.6236302223931,0.8377267527742633,2.7474237323324906,0.945,0.055,ENSMUST00000018333-0,ENSMUSG00000018189,0.0022996435552489,3,0,1,0,0,1,4,0.0,1,0,0,1,0,1,0,0,1,3,0,0,0.6992230998481971,0.6992230998481971,grey
12,0.4576193110840982,0.9367535783659992,0.4791342672819012,1.6839119703606005,0.9157485918332748,2.776832854614265,0.9575,0.0425,2b24d1fe-e16f-4daa-88e8-5303977a7fbb-0,ENSMUSG00000023495,0.0,1,0,0,0,0,1,1,0.0,1,0,0,0,0,0,0,0,1,0,0,0,0.7518167208011416,0.7518167208011416,grey
148,0.4526261706574006,0.9318381989103404,0.4792120282529399,1.6845580987877795,0.9590272184248152,2.891180845997265,0.9525,0.0475,ENSMUST00000103123-0,ENSMUSG00000027651,0.0,1,0,1,0,0,1,5,0.0,1,0,0,0,0,1,0,0,1,4,0,0,0.7523701864813854,0.7523701864813854,grey
281,0.4495763336212086,0.9193055313888956,0.4697291977676873,1.6947611808460166,0.8358027214340312,2.9366044303400733,0.935,0.065,df9f8f18-1be5-4d93-ab62-99ff111268dc-0,ENSMUSG00000034211,0.2375,5,0,1,2,4,1,4,0.4738154613466334,3,0,1,2,0,1,2,2,1,3,0,1,0.7610819887103947,0.7610819887103947,grey
248,0.4527769015144142,0.93096188894746,0.4781849874330469,1.7008487619373522,0.9274415399764137,2.990121766748877,0.9575,0.0425,a5a2e590-f446-4501-a26e-8b857d3e21c7-0,ENSMUSG00000027900,0.0076335877862595,6,1,2,0,0,1,7,0.0,3,0,0,1,1,1,0,0,1,6,0,0,0.7662548634567107,0.7662548634567107,grey
21,0.375760512672839,0.9049651036069408,0.5292045909341014,1.7796780554187523,0.9493725913211838,2.9787161517021445,0.9875,0.0125,395af1af-5936-464e-a910-27c475d3b2b1-0,ENSMUSG00000029757,0.0,1,0,0,0,0,1,13,0.0,1,0,0,0,0,0,0,0,1,12,0,0,0.8316162805964493,0.8316162805964493,grey
107,0.4459326581683809,0.9601601969850998,0.5142275388167181,1.7928259293572526,0.8080601429742825,3.3131505194570567,0.94,0.06,ENSMUST00000046941-0,ENSMUSG00000039328,0.0,1,1,1,0,0,2,6,1.0,2,0,0,0,1,0,0,0,2,4,0,0,0.8422354195815409,0.8422354195815409,grey
108,0.4459326581683809,0.9601601969850998,0.5142275388167181,1.7928259293572526,0.8080601429742825,3.3131505194570567,0.94,0.06,ENSMUST00000046941-0,ENSMUSG00000039328,0.0,1,1,1,0,0,2,6,1.0,2,0,0,0,1,0,0,0,2,4,0,0,0.8422354195815409,0.8422354195815409,grey
295,0.3752195070639216,0.9088554209979784,0.5336359139340567,1.8003729996254774,1.0674362634311614,3.34743322772262,0.9875,0.0125,f92cec21-29f3-4e5e-ae0e-537f86c21861-0,ENSMUSG00000045100,0.0,1,0,1,0,0,1,10,1.0,2,0,0,0,0,1,0,0,1,9,0,0,0.8482958337560543,0.8482958337560543,red
254,0.3595451839105713,0.9167418881868912,0.5571967042763197,1.8355463004523835,0.9672280479805628,3.093883591167656,0.9825,0.0175,ae987118-2e7a-436b-9157-dd1a008e9639-0,ENSMUSG00000027651,0.0,1,1,1,0,0,1,5,0.0,1,0,0,0,1,0,0,0,1,4,0,0,0.8762095059332798,0.8762095059332798,grey
175,0.3634227963540971,0.926517788226578,0.5630949918724792,1.8463392886798249,0.9498530198974384,3.07610539392784,0.975,0.025,ENSMUST00000129083-0,ENSMUSG00000078439,1.0,2,0,0,0,0,1,2,0.0,1,0,0,1,0,0,0,0,1,1,0,0,0.8846676911841183,0.8846676911841183,grey
257,0.36514500744102,0.9334886978646304,0.56834369042361,1.8564472362527036,1.004118236819979,3.2168435077689,0.9925,0.0075,b6903151-3db9-4ca3-b4b3-f65dd3323852-0,ENSMUSG00000019087,0.0186086458631548,4,1,1,1,1,1,10,0.0,1,0,0,2,1,0,1,0,1,9,0,0,0.8925443116492551,0.8925443116492551,red
155,0.3635423978102377,0.9327716138542328,0.5692292160439947,1.8615743381586107,0.9957244660293662,3.0971593909536987,0.9925,0.0075,ENSMUST00000107421,ENSMUSG00000030609,0.0,2,0,0,0,0,1,3,0.0,1,0,0,0,0,0,0,0,1,2,0,0,0.8965232284115034,0.8965232284115034,grey
284,0.3435554178741564,0.947842064764951,0.6042866468907948,1.9380604191877608,0.9464844567956808,3.2211458434580638,0.99,0.01,e52f3870-82d3-4826-97b1-360c222735eb-0,ENSMUSG00000001774,0.0,1,0,0,0,0,1,6,0.0,1,0,0,0,0,0,0,0,1,5,0,0,0.9546135475867569,0.9546135475867569,grey
158,5.894799212767886,6.3483625176504574,0.4535633048825707,4.096218298431529,0.0491051974518917,17.085771507633613,0.6175,0.3825,ENSMUST00000108841,ENSMUSG00000016344,0.0647249190938511,5,0,0,0,0,1,4,0.0,1,0,3,1,0,0,0,0,1,3,0,3,2.034292602464989,2.034292602464989,grey
279,5.700186203726033,6.341083825643676,0.6408976219176441,4.1886590493960645,0.0464579195784558,18.53876000844449,0.7025,0.2975,d9bea35e-1b4d-4f41-9b1b-033699e5434b-0,ENSMUSG00000054452,0.0,6,2,2,0,0,2,3,0.0,2,0,1,0,2,0,0,0,2,1,0,1,2.0664884557574545,2.0664884557574545,grey
278,5.700186203726033,6.341083825643676,0.6408976219176441,4.1886590493960645,0.0464579195784558,18.53876000844449,0.7025,0.2975,d9bea35e-1b4d-4f41-9b1b-033699e5434b-0,ENSMUSG00000054452,0.0,6,2,2,0,0,2,3,0.0,2,0,1,0,2,0,0,0,2,1,0,1,2.0664884557574545,2.0664884557574545,grey
35,1.366662985526858,2.7348561995600997,1.3681932140332416,5.640541885537288,0.5401257933550279,15.509988675566758,0.975,0.025,5a326736-37fe-49ea-a039-fe41662201ce-0,ENSMUSG00000078681,0.855072463768116,3,0,1,0,0,1,5,0.0,1,0,0,1,0,1,0,0,1,4,0,0,2.495833768656635,2.495833768656635,grey
206,0.5711760904130596,2.133090233097912,1.5619141426848528,6.163468975378217,1.2876147809949268,17.203170282054085,0.9975,0.0025,ENSMUST00000162303,ENSMUSG00000084786,0.8723157283807312,5,1,2,0,1,2,2,0.0,1,0,1,2,1,1,0,1,2,0,0,1,2.623742569252094,2.623742569252094,red
207,0.5711760904130596,2.133090233097912,1.5619141426848528,6.163468975378217,1.2876147809949268,17.203170282054085,0.9975,0.0025,ENSMUST00000162303,ENSMUSG00000084786,0.8723157283807312,5,1,2,0,1,2,2,0.0,1,0,1,2,1,1,0,1,2,0,0,1,2.623742569252094,2.623742569252094,red
235,1.382642727779702,3.033317409781546,1.650674682001842,8.035535233295102,0.6326248070754759,23.07610962279005,0.99,0.01,ENSMUST00000222449-0,ENSMUSG00000021241,0.5405405405405406,5,0,0,1,1,1,2,1.0,2,0,0,2,0,0,1,0,1,1,0,0,3.006394122556654,3.006394122556654,grey
67,4.893840584519296,5.818448657053366,0.9246080725340732,9.012729601736927,0.0818976447419323,23.38935158060401,0.7625,0.2375,ENSMUST00000002518,ENSMUSG00000054452,0.0,6,2,2,0,0,1,3,1.0,2,0,1,0,2,0,0,0,1,2,0,1,3.1719641078700125,3.1719641078700125,grey
203,0.5746234689317614,2.6470956220786714,2.0724721531469084,13.597721502521647,1.154601273330338,45.99836033947424,1.0,0.0,ENSMUST00000161486-0,ENSMUSG00000084786,0.8723157283807312,5,2,2,1,1,1,2,0.0,1,0,1,2,2,0,1,0,1,1,0,1,3.7652930219214586,3.7652930219214586,red
274,1.456869196325417,3.648711118051837,2.191841921726423,15.088068097771338,0.8187593929940444,48.21394502433333,0.9925,0.0075,d63d793d-52c4-4644-9c59-06fcef1fc217-0,ENSMUSG00000002064,1.0,2,0,0,0,0,1,1,0.0,1,0,0,1,0,0,0,0,1,0,0,0,3.9153361874191135,3.9153361874191135,grey
255,0.6000972587981784,2.8494165756017305,2.249319316803553,16.07226594226091,1.509872281560548,52.71821297347096,1.0,0.0,aeaa17af-f869-4738-8562-3ec4eb459e49-0,ENSMUSG00000019302,0.0010185373803218,4,0,0,0,0,1,16,0.0,1,0,0,1,0,0,0,0,1,15,0,0,4.00650143604773,4.00650143604773,red
163,0.4530201000614925,2.7575186390378104,2.3044985389763157,18.09200073724949,1.7261629668426108,59.440044404480034,1.0,0.0,ENSMUST00000110711-0,ENSMUSG00000027287,1.0,2,0,0,0,1,1,8,0.0,1,0,0,1,0,0,0,1,1,7,0,0,4.177280054759184,4.177280054759184,red
266,1.2648672566546353,3.430483871422407,2.165616614767768,18.79688549624304,0.7341733365317701,79.81874667726831,0.9975,0.0025,c7e267e0-f1cf-4187-b0d5-60c72bf06364-0,ENSMUSG00000037361,0.0033876079117036,3,1,1,0,0,1,1,0.0,1,0,0,1,1,0,0,0,1,0,0,0,4.232421732781985,4.232421732781985,grey
291,0.615063148443619,3.028458736134292,2.413395587690669,18.978736797488224,1.4938980421476011,69.79146374747154,1.0,0.0,f6863550-96b6-4767-8f19-64b27a92cfb0-0,ENSMUSG00000026111,1.0,3,0,0,0,1,1,5,0.0,1,0,1,2,0,0,0,1,1,4,0,1,4.2463120663482306,4.2463120663482306,red
150,3.872612736048856,6.084632767235729,2.212020031186869,19.323644272443392,0.7181498577383193,73.01758588905527,0.98,0.02,ENSMUST00000105616-0,ENSMUSG00000029064,1.0,3,1,2,0,0,1,1,0.0,2,0,0,2,1,1,0,0,1,0,0,0,4.272295294546765,4.272295294546765,grey
271,0.5856068848302569,2.776403855144506,2.190796970314252,20.622898071151585,1.4031355316741034,48.0964589765746,1.0,0.0,d0e09768-4abc-4bef-b1cb-80aea813f86e-0,ENSMUSG00000031023,0.0,1,1,1,0,0,1,4,1.0,2,0,0,0,1,0,0,0,1,3,0,0,4.366175179246684,4.366175179246684,red
167,0.5980848943630515,3.227950043805404,2.629865149442354,26.72616563571265,1.319243912192459,109.12399873629504,1.0,0.0,ENSMUST00000119576-0,ENSMUSG00000034211,0.2375,5,0,1,2,4,1,4,0.4738154613466334,3,0,1,2,0,1,2,2,1,3,0,1,4.740180965945932,4.740180965945932,red
195,0.4650495377920103,3.2539452347117237,2.78889569691971,35.48687422761412,1.668343023662455,149.55538305237567,1.0,0.0,ENSMUST00000150713-0,ENSMUSG00000032946,0.0,2,0,0,0,0,1,4,0.0,1,0,0,0,0,0,0,0,1,3,0,0,5.1492135987052166,5.1492135987052166,red
162,0.6164096994328636,3.45191885099924,2.8355091515663755,37.80392617177064,1.1740362190310791,167.02140995903878,1.0,0.0,ENSMUST00000110352,ENSMUSG00000021134,0.345679012345679,4,0,0,1,1,1,1,0.0,1,0,1,1,0,0,1,0,1,0,0,1,5.240464169926258,5.240464169926258,red
171,0.4750296519073984,3.560824458542971,3.0857948066355765,52.33626996702628,1.9314824187938655,201.6036615314132,1.0,0.0,ENSMUST00000122300-0,ENSMUSG00000021288,0.0,8,1,1,0,1,1,4,0.0,2,0,0,0,1,0,0,1,1,3,0,0,5.709739201317006,5.709739201317006,red
154,0.4858696248940045,3.5674168524380376,3.081547227544033,52.65094575340975,1.660128026413915,178.65422152392154,1.0,0.0,ENSMUST00000106656-0,ENSMUSG00000050947,0.0,2,0,0,0,0,1,1,0.0,1,0,0,0,0,0,0,0,1,0,0,0,5.718387541076619,5.718387541076619,red
233,0.6372514328486405,3.69714931294334,3.0598978800947,57.66726735853237,1.5339332712707716,190.02318976930997,1.0,0.0,ENSMUST00000217837,ENSMUSG00000061780,0.0,1,0,0,0,0,1,4,0.0,2,0,0,0,0,0,0,0,1,3,0,0,5.849680754846126,5.849680754846126,red
189,1.4267364833999023,4.591336462023854,3.1645999786239463,64.97653422280452,1.4216682169991035,250.6444322829971,1.0,0.0,ENSMUST00000142734-0,ENSMUSG00000050335,0.0,1,0,1,1,1,1,5,0.0,1,0,0,0,0,1,1,0,1,4,0,0,6.02184688883301,6.02184688883301,red
61,0.4488456683583722,3.5270707225834075,3.078225054225037,66.30127256265797,1.2436263933822511,202.1055212522726,1.0,0.0,9d090fc4-d167-4373-a81f-ba172e167a82-0,ENSMUSG00000038374,0.0,1,0,0,0,1,2,5,0.0,2,0,0,0,0,0,0,1,2,3,0,0,6.050964656058057,6.050964656058057,red
60,0.4488456683583722,3.5270707225834075,3.078225054225037,66.30127256265797,1.2436263933822511,202.1055212522726,1.0,0.0,9d090fc4-d167-4373-a81f-ba172e167a82-0,ENSMUSG00000038374,0.0,1,0,0,0,1,2,5,0.0,2,0,0,0,0,0,0,1,2,3,0,0,6.050964656058057,6.050964656058057,red
250,0.4793403099621227,3.683951908550658,3.2046115985885306,76.45712802888337,2.4141298359480783,349.1470755492554,1.0,0.0,a8f7ad91-95cb-4b51-bb27-2f865cfb8fd5-0,ENSMUSG00000027001,0.0,2,0,0,1,1,1,2,0.0,1,0,0,0,0,0,1,0,1,1,0,0,6.256579103897149,6.256579103897149,red
283,0.4833165562532203,3.715926775089057,3.2326102188358363,79.3182608115621,1.5896003755620838,287.2903520946017,1.0,0.0,e1a2f6a3-5d19-4a18-b711-a8f9102827fc-0,ENSMUSG00000024866,0.0,1,1,2,0,0,1,7,0.0,1,0,0,0,1,1,0,0,1,6,0,0,6.3095811392463235,6.3095811392463235,red
170,0.8413970971971209,4.187186612806035,3.345789515608912,82.28499908232797,1.6753674487969306,291.3096478706784,1.0,0.0,ENSMUST00000121651,ENSMUSG00000042198,0.048689138576779,4,0,0,0,0,1,4,0.0,2,0,0,1,0,0,0,0,1,3,0,0,6.362557539846445,6.362557539846445,red
23,0.8005384551892925,4.126315781204098,3.325777326014807,91.1344258858898,1.8265732341956,415.7698399998136,1.0,0.0,3fe74569-3921-4a18-afd1-4a094ccfc8f8-0,ENSMUSG00000015536,0.8536585365853658,4,2,2,0,2,1,7,0.1656626506024096,3,1,1,2,2,0,0,2,1,6,1,0,6.509924227652702,6.509924227652702,red
297,0.6011565130671004,3.9173641968728776,3.31620768380578,91.99693075106184,1.8452389187716505,395.2121183552832,1.0,0.0,fb2ba1a0-943e-460f-8692-aa715335a4ad-0,ENSMUSG00000007050,0.0,2,0,1,0,0,1,4,0.0,1,0,0,0,0,1,0,0,1,3,0,0,6.523513824925644,6.523513824925644,red
105,0.8290372266990141,4.271611106269108,3.442573879570092,113.7371586306226,1.903462937459778,628.7250395837357,1.0,0.0,ENSMUST00000039537,ENSMUSG00000038712,0.1502678319706794,7,0,0,0,0,1,2,0.0,1,0,0,2,0,0,0,0,1,1,0,0,6.829559858376444,6.829559858376444,red
95,0.5913801998055931,4.120520549585821,3.5291403497802305,156.84817094887197,1.9934489145330463,642.5541316805167,1.0,0.0,ENSMUST00000030940,ENSMUSG00000029064,1.0,3,2,2,0,0,1,1,1.0,2,0,0,2,2,0,0,0,1,0,0,0,7.2932248953771674,7.2932248953771674,red
204,0.4780395609070321,4.014021941545087,3.535982380638061,193.99399238328624,1.617248391428866,441.2240086622893,1.0,0.0,ENSMUST00000161788,ENSMUSG00000046152,0.0,2,0,0,0,1,1,5,0.0,2,0,0,0,0,0,0,1,1,4,0,0,7.599868165418871,7.599868165418871,red
2,0.8632212350767148,4.659589793655341,3.796368558578623,195.132013963771,2.153732441761414,783.0740287676138,1.0,0.0,0711b70c-b48d-422d-9bab-8e1bb0e3f9b4-0,ENSMUSG00000019923,1.0,2,0,1,0,0,1,9,1.0,2,0,0,1,0,1,0,0,1,8,0,0,7.608306680165659,7.608306680165659,red
169,0.4871342802649911,3.922131574014129,3.434997293749135,247.5824316463144,2.110264253296118,393.19316686482415,1.0,0.0,ENSMUST00000121339-0,ENSMUSG00000034211,0.2375,5,0,1,1,4,1,4,0.4738154613466334,3,1,1,2,0,1,1,3,1,3,1,0,7.951765134876253,7.951765134876253,red
290,0.4742580685409019,4.576598212687119,4.102340144146218,334.98947807559534,2.363448713055769,1254.0249213940017,1.0,0.0,f2d5a8fc-51db-47f6-be2c-2ed1b276c7e4-0,ENSMUSG00000058454,1.0,4,0,1,0,0,1,4,0.0,1,0,0,3,0,1,0,0,1,3,0,0,8.38797197141512,8.38797197141512,red
62,3.624858469894888,7.914881158648249,4.290022688753356,397.06851828244055,1.2949254134452046,2003.4567830347207,1.0,0.0,ENSMUST00000002090-0,ENSMUSG00000002014,0.0955165692007797,6,1,1,0,0,1,5,0.0,1,0,0,3,1,0,0,0,1,4,0,0,8.633244170586071,8.633244170586071,red
251,0.4616253820710789,4.573688506927671,4.112063124856588,401.87448650491234,3.116105513647577,1219.1594667279442,1.0,0.0,a93d949d-75aa-425d-be39-b52daa9b2e86-0,ENSMUSG00000018217,0.6847090663058186,3,0,0,0,0,1,4,0.0,1,0,0,1,0,0,0,0,1,3,0,0,8.650601178813034,8.650601178813034,red
193,0.4808022601341797,4.464751777349455,3.983949517215277,460.3331635282103,2.098949281701002,1110.6279800192633,1.0,0.0,ENSMUST00000147799,ENSMUSG00000003464,0.0,1,0,0,0,1,1,8,0.0,2,0,0,0,0,0,0,1,1,7,0,0,8.846534571363714,8.846534571363714,red
80,0.4673121668829373,4.580210348336746,4.112898181453805,504.706539848242,3.98108028561887,1194.7118432378586,1.0,0.0,ENSMUST00000020822-0,ENSMUSG00000020515,0.0,3,0,0,0,0,1,1,0.0,2,0,0,0,0,0,0,0,1,0,0,0,8.979300970576903,8.979300970576903,red
241,0.6013575833409615,4.429599029657257,3.8282414463162944,515.5421821079321,2.2908056851971264,745.5013271555445,1.0,0.0,ENSMUST00000234207,ENSMUSG00000002477,1.0,2,0,0,0,0,1,2,0.0,1,0,0,1,0,0,0,0,1,1,0,0,9.009946664755534,9.009946664755534,red
183,0.4729897611789018,4.366367282727911,3.893377521549005,544.9315197162547,2.9603424658196302,677.8009583012152,1.0,0.0,ENSMUST00000134637,ENSMUSG00000023505,1.0,2,0,0,0,0,1,5,1.0,2,1,1,1,0,0,0,0,1,4,1,0,9.089931130906049,9.089931130906049,red
6,0.9165482893780016,5.364886847784719,4.448338558406709,623.4448971035091,1.7975042925218945,2132.717506914591,1.0,0.0,11fce18a-5ff5-4a46-9b49-bcc214104572-0,ENSMUSG00000024902,1.0,2,0,0,0,0,1,4,0.0,1,0,0,1,0,0,0,0,1,3,0,0,9.284118243512843,9.284118243512843,red
270,1.1147959498687998,5.753510329358396,4.638714379489598,724.7632336822285,3.2606392834499047,2643.8101004141813,1.0,0.0,d08ee0eb-56e1-46bb-8a03-af5359d39d04-0,ENSMUSG00000064215,0.0137628111273792,5,0,0,0,0,1,4,0.0,1,0,2,2,0,0,0,0,1,3,0,2,9.501365960929169,9.501365960929169,red
213,0.6056902012423716,5.084494996772994,4.478804795530622,802.853905038058,2.5609648540039305,2300.9679917969465,1.0,0.0,ENSMUST00000174799,ENSMUSG00000024856,1.0,2,0,0,3,3,1,4,0.983754512635379,3,0,0,1,0,0,3,0,1,3,0,0,9.648993674836326,9.648993674836326,red
9,0.6183273549957873,5.019165883121837,4.400838528126048,1065.364661709473,2.844478448306279,2215.0352963235387,1.0,0.0,23fb3a54-ae57-4264-acdd-a811664ca2db-0,ENSMUSG00000041632,0.0,1,2,2,0,0,1,12,0.0,1,0,0,0,2,0,0,0,1,11,0,0,10.057131617076985,10.057131617076985,red
49,0.8458789387879885,5.050724950935804,4.204846012147815,1134.9459045620786,2.0449302901122053,1047.484776958686,1.0,0.0,81a7dd41-39a9-4ab3-a527-f213b8580bcf-0,ENSMUSG00000062054,1.0,2,2,2,0,0,1,4,0.0,1,0,0,1,2,0,0,0,1,3,0,0,10.148407819993345,10.148407819993345,red
240,0.8012798531675277,5.553896752422453,4.752616899254923,1224.486732800278,2.207231919294795,2873.9049230668707,1.0,0.0,ENSMUST00000234028,ENSMUSG00000052712,1.0,4,0,0,0,0,1,3,0.0,1,0,0,3,0,0,0,0,1,2,0,0,10.25796142718224,10.25796142718224,red
196,0.4989056291236357,5.480049408462428,4.981143779338795,1524.983178597346,2.087495991288158,5394.617613725947,1.0,0.0,ENSMUST00000153056,ENSMUSG00000021134,0.345679012345679,4,0,0,1,1,1,1,0.0,1,1,1,1,0,0,1,0,1,0,1,0,10.574577613706113,10.574577613706113,red
39,0.4848421687154201,5.888017853218205,5.403175684502783,1742.947563184319,4.57703858996154,7141.9043660215175,1.0,0.0,660b6e91-969a-49ad-aab9-9203da3f7497-0,ENSMUSG00000063450,1.0,3,0,0,0,0,1,2,0.0,1,0,0,2,0,0,0,0,1,1,0,0,10.767313451101069,10.767313451101069,red
19,1.2324220105606716,6.24646458894044,5.014042578379768,1763.253573712452,1.678692784137231,3049.5838305999077,1.0,0.0,333f4c54-8b0b-41fa-8006-390d7713cc79-0,ENSMUSG00000022551,0.0299212598425196,4,0,1,0,0,1,6,0.0,1,0,0,2,0,1,0,0,1,5,0,0,10.784024248390628,10.784024248390628,red
42,2.337708533733,7.320697684115268,4.982989150382276,1834.304205779274,3.189792332120552,8896.243546428415,1.0,0.0,71c9c7ec-8fb0-4f28-9b4b-70f0e37793c0-0,ENSMUSG00000056851,0.0,6,0,2,0,1,1,14,0.0,2,0,0,0,0,2,0,1,1,13,0,0,10.841017203734081,10.841017203734081,red
230,0.6153236258835185,5.615603562856562,5.000279936973051,2524.1638330889527,3.655350746071612,4813.670634448472,1.0,0.0,ENSMUST00000212963,ENSMUSG00000031903,0.0,1,0,0,0,0,1,2,0.0,2,0,0,0,0,0,0,0,1,1,0,0,11.301589837420815,11.301589837420815,red
94,0.4944475069185327,5.685671951916983,5.191224444998455,3356.835489069368,2.927135851207171,6779.011042128609,1.0,0.0,ENSMUST00000030940-0,ENSMUSG00000029064,1.0,3,2,2,0,0,1,1,0.0,2,0,0,2,2,0,0,0,1,0,0,0,11.712886120202338,11.712886120202338,red
182,0.7853766986785266,5.260894033220393,4.475517334541861,3652.630443205591,2.4023347451550374,1723.8679380603612,1.0,0.0,ENSMUST00000134593,ENSMUSG00000031767,1.0,2,0,1,0,2,1,4,0.0,2,0,0,1,0,1,0,2,1,3,0,0,11.834720080320691,11.834720080320691,red
286,0.6208144738737129,5.818990886305626,5.1981764124319145,3740.310353690019,5.119108165784221,6516.608311176361,1.0,0.0,e7342cfd-bdc5-4013-b255-bb5468492499-0,ENSMUSG00000035443,0.0016943409013893,3,0,0,0,1,1,8,0.0,1,0,3,1,0,0,0,1,1,7,0,3,11.868942267917529,11.868942267917529,red
178,0.4863152811832944,4.966616397620007,4.480301116436714,3845.351443615831,2.347821202807326,2135.8799853115493,1.0,0.0,ENSMUST00000129414-0,ENSMUSG00000084786,0.8723157283807312,5,1,2,1,1,2,2,0.0,1,0,1,2,1,1,1,0,2,0,0,1,11.908899743133022,11.908899743133022,red
179,0.4863152811832944,4.966616397620007,4.480301116436714,3845.351443615831,2.347821202807326,2135.8799853115493,1.0,0.0,ENSMUST00000129414-0,ENSMUSG00000084786,0.8723157283807312,5,1,2,1,1,2,2,0.0,1,0,1,2,1,1,1,0,2,0,0,1,11.908899743133022,11.908899743133022,red
277,0.4876793486264804,5.995565056353033,5.507885707726554,5406.10371143914,2.6165596026125515,14993.610056487523,1.0,0.0,d8ef4865-1902-4cc3-ad9d-85111fa2f299-0,ENSMUSG00000078681,0.855072463768116,3,0,1,0,0,1,5,0.0,1,0,0,1,0,1,0,0,1,4,0,0,12.4003734736608,12.4003734736608,red
48,0.746258794817922,6.107387015064957,5.361128220247042,5757.170843342565,4.675288882114293,10992.755974471587,1.0,0.0,7f16441b-dc51-4c90-8cc3-373da699b3e4-0,ENSMUSG00000056851,0.0,6,2,2,1,1,2,14,1.0,2,0,0,0,2,0,1,0,2,12,0,0,12.491144309351137,12.491144309351137,red
47,0.746258794817922,6.107387015064957,5.361128220247042,5757.170843342565,4.675288882114293,10992.755974471587,1.0,0.0,7f16441b-dc51-4c90-8cc3-373da699b3e4-0,ENSMUSG00000056851,0.0,6,2,2,1,1,2,14,1.0,2,0,0,0,2,0,1,0,2,12,0,0,12.491144309351137,12.491144309351137,red
287,0.5903931732017788,6.5110972132552005,5.920704040053419,7714.907619164479,4.638624935786613,33066.51808078891,1.0,0.0,e924cc68-2055-4883-87a3-a07bbfeeba66-0,ENSMUSG00000066026,0.5158069883527454,4,1,2,0,0,1,4,0.0,1,0,1,1,1,1,0,0,1,3,0,1,12.91343316625768,12.91343316625768,red
292,1.153014398390514,7.524434743268891,6.371420344878374,8690.910867265116,3.5889648146875204,25699.154183503342,1.0,0.0,f6baa127-f393-40e6-a3ce-0a593898199a-0,ENSMUSG00000056851,0.0,6,2,2,1,1,1,14,1.0,2,0,0,0,2,0,1,0,1,13,0,0,13.08529167399409,13.08529167399409,red
239,0.5871820058477816,6.377269356332249,5.790087350484477,10475.081770610406,2.719563917638415,13433.80350961633,1.0,0.0,ENSMUST00000226336-0,ENSMUSG00000022338,0.0100861910874747,5,0,1,0,1,1,2,0.0,1,0,0,3,0,1,0,1,1,1,0,0,13.354673885487792,13.354673885487792,red
242,1.1691397209341874,7.069547687702469,5.900407966768281,11041.692749480992,2.664666295752361,26942.08494384185,1.0,0.0,ENSMUST00000236166,ENSMUSG00000024181,0.0,2,0,0,0,0,1,1,0.0,1,0,0,0,0,0,0,0,1,0,0,0,13.43067374134643,13.43067374134643,red
282,0.4821876067657583,6.61680873271365,6.134621125947885,11666.78114120698,5.6428029331638525,34532.24360497949,1.0,0.0,e0f16ce3-a41a-4abb-aa9e-03be11104783-0,ENSMUSG00000056851,0.0,6,2,2,1,1,1,14,1.0,2,0,0,0,2,0,1,0,1,13,0,0,13.510118956689444,13.510118956689444,red
134,2.579367255233536,8.672753663922716,6.093386408689177,11755.087065967651,3.777059422647631,24449.899009713063,1.0,0.0,ENSMUST00000078432,ENSMUSG00000030432,0.0,4,0,0,0,0,1,2,0.0,2,1,1,0,0,0,0,0,1,1,1,0,13.52099760413584,13.52099760413584,red
243,0.7126602377463942,6.72980815239089,6.017147914644485,11936.133571840002,3.598286833573584,33336.426408476684,1.0,0.0,ENSMUST00000236218-0,ENSMUSG00000056612,0.0,5,1,1,0,1,1,1,0.0,2,0,0,0,1,0,0,1,1,0,0,0,13.543047964889364,13.543047964889364,red
244,2.947123345958021,8.830811608313535,5.883688262355517,13091.114286067208,2.873692601040948,20108.391660285022,1.0,0.0,ENSMUST00000236421-0,ENSMUSG00000036299,0.0,3,0,0,1,1,1,3,1.0,2,0,0,0,0,0,1,0,1,2,0,0,13.676300281001035,13.676300281001035,red
27,0.4649319584143603,6.66855136024444,6.203619401830079,15693.036155084625,5.032573170431694,50768.3383973961,1.0,0.0,4e8a98d5-3186-4554-a6f9-ac7b4e19fe55-0,ENSMUSG00000056851,0.0,6,1,2,1,1,2,14,1.0,2,0,0,0,1,1,1,0,2,12,0,0,13.937836879218766,13.937836879218766,red
28,0.4649319584143603,6.66855136024444,6.203619401830079,15693.036155084625,5.032573170431694,50768.3383973961,1.0,0.0,4e8a98d5-3186-4554-a6f9-ac7b4e19fe55-0,ENSMUSG00000056851,0.0,6,1,2,1,1,2,14,1.0,2,0,0,0,1,1,1,0,2,12,0,0,13.937836879218766,13.937836879218766,red
65,0.5875120904769158,6.385339814973504,5.797827724496586,16685.913739384057,5.0349688687560095,30713.59996932692,1.0,0.0,ENSMUST00000002490,ENSMUSG00000002416,0.0,2,0,0,1,2,1,4,0.0,2,0,0,0,0,0,1,1,1,3,0,0,14.026343071834322,14.026343071834322,red
25,2.6975264082202086,9.259011542781431,6.561485134561217,16770.798198651963,4.622779689114201,27713.542229690185,1.0,0.0,43ede01a-807b-4abe-8d19-2f00fee785e0-0,ENSMUSG00000035242,1.0,4,0,2,0,0,1,5,1.0,3,1,2,3,0,2,0,0,1,4,1,1,14.033663734512082,14.033663734512082,red
59,0.6555968919908198,7.005928823612025,6.350331931621213,17215.186571874994,3.535539920639076,35859.070773350155,1.0,0.0,9b6feef0-92ba-48cc-ab0d-ee2ce26bc502-0,ENSMUSG00000056851,0.0,6,1,2,1,1,2,14,1.0,2,0,0,0,1,1,1,0,2,12,0,0,14.071394195941464,14.071394195941464,red
58,0.6555968919908198,7.005928823612025,6.350331931621213,17215.186571874994,3.535539920639076,35859.070773350155,1.0,0.0,9b6feef0-92ba-48cc-ab0d-ee2ce26bc502-0,ENSMUSG00000056851,0.0,6,1,2,1,1,2,14,1.0,2,0,0,0,1,1,1,0,2,12,0,0,14.071394195941464,14.071394195941464,red
31,0.7321372383314272,6.9380830929425175,6.205945854611083,26325.499184267384,6.048013260821442,28652.89386997297,1.0,0.0,4f01c350-b371-46f4-9a3f-f8f27ea65521-0,ENSMUSG00000056851,0.0,6,2,2,1,1,2,14,1.0,2,0,0,0,2,0,1,0,2,12,0,0,14.684173267451499,14.684173267451499,red
30,0.7321372383314272,6.9380830929425175,6.205945854611083,26325.499184267384,6.048013260821442,28652.89386997297,1.0,0.0,4f01c350-b371-46f4-9a3f-f8f27ea65521-0,ENSMUSG00000056851,0.0,6,2,2,1,1,2,14,1.0,2,0,0,0,2,0,1,0,2,12,0,0,14.684173267451499,14.684173267451499,red
231,0.658281543627226,7.460719753043771,6.802438209416541,26871.38192731313,5.95706167593824,70375.42021675076,1.0,0.0,ENSMUST00000217081-0,ENSMUSG00000048758,0.8415841584158416,3,0,0,0,2,1,4,1.0,2,0,0,1,0,0,0,2,1,3,0,0,14.71378289697106,14.71378289697106,red
268,0.5969538831698995,6.780082813581276,6.183128930411375,29806.29151779925,1.9925414779335893,19818.66883173408,1.0,0.0,c9a4a0fd-19cc-4dab-9943-ad6dd54b859e-0,ENSMUSG00000056851,0.0,6,1,2,1,1,1,14,1.0,2,0,0,0,1,1,1,0,1,13,0,0,14.86332926673021,14.86332926673021,red
46,1.043845242348942,7.332738002682708,6.288892760333761,34817.87398725696,5.897582402868388,38631.64790124368,1.0,0.0,7e6cbbfa-23f8-4fcf-82bc-8224562634f2-0,ENSMUSG00000056851,0.0,6,1,2,1,1,1,14,1.0,2,0,0,0,1,1,1,0,1,13,0,0,15.08754049288648,15.08754049288648,red
66,0.992628877283228,7.730885016186973,6.738256138903743,36078.38274291544,7.115822677400318,65203.32732997271,1.0,0.0,ENSMUST00000002518-0,ENSMUSG00000054452,0.0,6,2,2,0,0,1,3,0.0,2,0,1,0,2,0,0,0,1,2,0,1,15.138847049044367,15.138847049044367,red
7,1.007871584703962,7.406926795860066,6.399055211156102,37161.461329856334,5.968970942408089,41940.50017626444,1.0,0.0,123771d8-b90f-4533-8132-01b4552c3ae6-0,ENSMUSG00000056851,0.0,6,1,2,1,1,2,14,1.0,2,0,0,0,1,1,1,0,2,12,0,0,15.181519614636109,15.181519614636109,red
8,1.007871584703962,7.406926795860066,6.399055211156102,37161.461329856334,5.968970942408089,41940.50017626444,1.0,0.0,123771d8-b90f-4533-8132-01b4552c3ae6-0,ENSMUSG00000056851,0.0,6,1,2,1,1,2,14,1.0,2,0,0,0,1,1,1,0,2,12,0,0,15.181519614636109,15.181519614636109,red
261,0.507260590677594,6.766489466081431,6.259228875403846,39409.706442451024,4.416387594859382,38551.02852940965,1.0,0.0,bf73212b-6603-4e20-bac0-811bb60083e6-0,ENSMUSG00000056851,0.0,6,1,2,1,1,3,14,1.0,2,0,0,0,1,1,1,0,3,11,0,0,15.26626338262587,15.26626338262587,red
263,0.507260590677594,6.766489466081431,6.259228875403846,39409.706442451024,4.416387594859382,38551.02852940965,1.0,0.0,bf73212b-6603-4e20-bac0-811bb60083e6-0,ENSMUSG00000056851,0.0,6,1,2,1,1,3,14,1.0,2,0,0,0,1,1,1,0,3,11,0,0,15.26626338262587,15.26626338262587,red
262,0.507260590677594,6.766489466081431,6.259228875403846,39409.706442451024,4.416387594859382,38551.02852940965,1.0,0.0,bf73212b-6603-4e20-bac0-811bb60083e6-0,ENSMUSG00000056851,0.0,6,1,2,1,1,3,14,1.0,2,0,0,0,1,1,1,0,3,11,0,0,15.26626338262587,15.26626338262587,red
218,0.9368667277871872,7.935800148399745,6.998933420612566,43631.29272617189,2.2572618635330963,124297.97126856731,1.0,0.0,ENSMUST00000179238,ENSMUSG00000004207,0.0,2,1,1,1,1,2,15,1.0,2,0,0,0,1,0,1,0,2,13,0,0,15.413075598668595,15.413075598668595,red
217,0.9368667277871872,7.935800148399745,6.998933420612566,43631.29272617189,2.2572618635330963,124297.97126856731,1.0,0.0,ENSMUST00000179238,ENSMUSG00000004207,0.0,2,1,1,1,1,2,15,1.0,2,0,0,0,1,0,1,0,2,13,0,0,15.413075598668595,15.413075598668595,red
43,0.7160715409414038,7.331868422046105,6.615796881104703,58302.85207628611,3.881164235144518,96955.2797649938,1.0,0.0,73b0c798-c079-4ae0-8138-5f5048bf4dac-0,ENSMUSG00000001131,0.063953488372093,3,1,3,0,0,1,5,0.0,1,0,0,1,1,2,0,0,1,4,0,0,15.831278838887247,15.831278838887247,red
253,1.6194455401031302,9.26956844468894,7.650122904585817,89277.96842847079,8.18201228461266,489753.9440382306,1.0,0.0,aa39cac5-2dbc-42c1-95b8-4d2d52964ef0-0,ENSMUSG00000042747,0.0,1,1,2,1,1,1,4,1.0,2,0,0,0,1,1,1,0,1,3,0,0,16.446016577734497,16.446016577734497,red
133,0.5586315315971515,7.079994207903265,6.521362676306121,123025.2348661369,7.969758909506944,59199.99281858241,1.0,0.0,ENSMUST00000077037-0,ENSMUSG00000056851,0.0,6,2,2,1,1,1,14,1.0,2,0,0,0,2,0,1,0,1,13,0,0,16.908594745140892,16.908594745140892,red
114,0.6109643298775401,7.904032217405926,7.293067887528391,141762.66314904692,7.258987337992464,157752.1849566978,1.0,0.0,ENSMUST00000054912,ENSMUSG00000047459,0.0,3,1,1,0,0,1,4,0.0,2,0,0,0,1,0,0,0,1,3,0,0,17.113118086121798,17.113118086121798,red
238,2.418878627334605,9.041425926562974,6.62254729922837,168797.80370832086,3.6794948621896015,49775.4893807724,1.0,0.0,ENSMUST00000225023-0,ENSMUSG00000025290,0.2808988764044944,6,2,4,1,2,1,7,1.0,2,0,3,2,2,2,1,1,1,6,0,3,17.36493660715651,17.36493660715651,red
276,1.4617351340014728,9.31954880295438,7.857813668952912,179788.65768747986,4.607227435248335,203703.7987258745,1.0,0.0,d7d1efc0-510c-4f96-ae2d-a8cad1da2dd9-0,ENSMUSG00000029614,0.2416326530612245,5,0,0,1,1,1,2,1.0,2,0,0,2,0,0,1,0,1,1,0,0,17.455942482974514,17.455942482974514,red
280,0.4949686855651115,7.609205369865115,7.114236684300011,187146.0249158088,4.9238085731961165,274356.26808518777,1.0,0.0,ddf9ef1e-1661-48e6-959e-a067c5f1f142-0,ENSMUSG00000060073,0.8409090909090909,4,1,2,0,1,1,9,0.0,1,0,2,2,1,1,0,1,1,8,0,2,17.51380487936635,17.51380487936635,red
69,0.4604818388423446,7.516360462289947,7.0558786234476,221881.0461758964,7.062181472488649,182350.40932720387,1.0,0.0,ENSMUST00000004316,ENSMUSG00000004207,0.0,2,0,1,1,1,1,15,1.0,2,0,0,0,0,1,1,0,1,14,0,0,17.759426907379847,17.759426907379847,red
275,0.5088299305957577,7.622971944956776,7.114142014361021,230160.19978202684,14.607809871035842,163517.04588343253,1.0,0.0,d6ccfca6-0ab1-4800-aae6-6c71ab919804-0,ENSMUSG00000054452,0.0,6,1,2,0,0,1,3,0.0,2,0,1,0,1,1,0,0,1,2,0,1,17.812278852905127,17.812278852905127,red
45,0.6517279718205851,7.727378564434214,7.07565059261364,505493.1834938239,6.620502611453338,296850.47433739743,1.0,0.0,7b8f91ce-a620-4bad-ae39-d9eaf7e058b4-0,ENSMUSG00000035242,1.0,4,0,2,0,0,1,5,1.0,3,1,2,3,0,2,0,0,1,4,1,1,18.947332112151724,18.947332112151724,red
22,0.808450093684897,8.076012435110979,7.267562341426086,531312.2233592592,9.06863145815674,127873.25040939618,1.0,0.0,3bef7710-b429-46af-97da-99b775fe44ef-0,ENSMUSG00000025290,0.2808988764044944,6,2,4,1,2,1,7,1.0,2,0,3,2,2,2,1,1,1,6,0,3,19.019200378245223,19.019200378245223,red
265,0.8803640589161905,7.7539737348177775,6.8736096759015775,668471.291673323,5.182464407473734,105309.6935982839,1.0,0.0,c3cb8d7e-bed8-49f9-a119-5ad714a6ab19-0,ENSMUSG00000036880,0.0,2,0,0,0,0,1,1,0.0,1,0,0,0,0,0,0,0,1,0,0,0,19.350506077762358,19.350506077762358,red
17,0.6075530091259083,7.8265584833968,7.219005474270896,699617.7408458063,11.713182587758183,150843.7305606276,1.0,0.0,32d1d62f-3290-4fbb-aa46-65abf4742f9d-0,ENSMUSG00000004207,0.0,2,0,1,0,1,2,15,1.0,2,0,0,0,0,1,0,1,2,13,0,0,19.41620734789556,19.41620734789556,red
18,0.6075530091259083,7.8265584833968,7.219005474270896,699617.7408458063,11.713182587758183,150843.7305606276,1.0,0.0,32d1d62f-3290-4fbb-aa46-65abf4742f9d-0,ENSMUSG00000004207,0.0,2,0,1,0,1,2,15,1.0,2,0,0,0,0,1,0,1,2,13,0,0,19.41620734789556,19.41620734789556,red
57,0.6915950063910755,8.046407167979776,7.354812161588704,1118719.757085741,5.422823740274937,589118.1752200531,1.0,0.0,9548f362-2a3a-4da5-b568-3c0aa9d2a08b-0,ENSMUSG00000006728,0.0490566037735849,3,0,1,0,0,1,8,0.0,1,0,2,1,0,1,0,0,1,7,0,2,20.09341725112706,20.09341725112706,red
142,0.7410889837755055,7.492919694955736,6.751830711180222,1341074.8998874512,4.25047352838063,90749.86083631456,1.0,0.0,ENSMUST00000098994,ENSMUSG00000048758,0.8415841584158416,3,0,0,1,2,1,4,0.0,2,0,0,1,0,0,1,1,1,3,0,0,20.3549583842538,20.3549583842538,red
50,0.6009791327425534,8.071439193949725,7.470460061207172,4389161.754287686,7.019610647510156,336566.7161862776,1.0,0.0,8629a366-61e0-45f0-8abb-39683c3324c0-0,ENSMUSG00000025290,0.2808988764044944,6,2,4,0,2,1,7,1.0,2,0,3,2,2,2,0,2,1,6,0,3,22.065514008309282,22.065514008309282,red
15,1.5550422694291648,9.64351143071388,8.088469161284713,156264573.44919312,11.994281259812142,1021985.6922122024,1.0,0.0,2df9e4b1-1a64-498e-a486-e156770aaeec-0,ENSMUSG00000035242,1.0,4,0,2,0,0,1,5,1.0,3,1,2,3,0,2,0,0,1,4,1,1,27.21941550287322,27.21941550287322,red
